{
    "Rust": {
        "size": 938691,
        "occurrences": 6,
        "color": "#dea584",
        "prop": 6.184793274580638
    },
    "Shell": {
        "size": 32611,
        "occurrences": 12,
        "color": "#89e051",
        "prop": 0.21486548126843572
    },
    "Python": {
        "size": 1274038,
        "occurrences": 21,
        "color": "#3572A5",
        "prop": 8.394308301624461
    },
    "JavaScript": {
        "size": 1770104,
        "occurrences": 48,
        "color": "#f1e05a",
        "prop": 11.66275943255905
    },
    "Handlebars": {
        "size": 167023,
        "occurrences": 15,
        "color": "#f7931e",
        "prop": 1.1004715365336217
    },
    "SCSS": {
        "size": 112348,
        "occurrences": 14,
        "color": "#c6538c",
        "prop": 0.7402320410151856
    },
    "TypeScript": {
        "size": 4703842,
        "occurrences": 30,
        "color": "#3178c6",
        "prop": 30.992403641123584
    },
    "CSS": {
        "size": 342950,
        "occurrences": 33,
        "color": "#663399",
        "prop": 2.2596092361782842
    },
    "HTML": {
        "size": 54738,
        "occurrences": 16,
        "color": "#e34c26",
        "prop": 0.3606545862951652
    },
    "Ruby": {
        "size": 369,
        "occurrences": 2,
        "color": "#701516",
        "prop": 0.002431245977984508
    },
    "C++": {
        "size": 742457,
        "occurrences": 5,
        "color": "#f34b7d",
        "prop": 4.891857981236974
    },
    "GDScript": {
        "size": 259966,
        "occurrences": 2,
        "color": "#355570",
        "prop": 1.7128490295737684
    },
    "Batchfile": {
        "size": 300,
        "occurrences": 2,
        "color": "#C1F12E",
        "prop": 0.001976622746328868
    },
    "ShaderLab": {
        "size": 96874,
        "occurrences": 1,
        "color": "#222c37",
        "prop": 0.6382778397595424
    },
    "C#": {
        "size": 2921987,
        "occurrences": 7,
        "color": "#178600",
        "prop": 19.252219895590834
    },
    "HLSL": {
        "size": 19973,
        "occurrences": 1,
        "color": "#aace60",
        "prop": 0.13159695370808827
    },
    "PowerShell": {
        "size": 2686,
        "occurrences": 1,
        "color": "#012456",
        "prop": 0.017697362322131132
    },
    "Dockerfile": {
        "size": 937,
        "occurrences": 2,
        "color": "#384d54",
        "prop": 0.00617365171103383
    },
    "Jupyter Notebook": {
        "size": 1389730,
        "occurrences": 4,
        "color": "#DA5B0B",
        "prop": 9.156573097518725
    },
    "CMake": {
        "size": 3113,
        "occurrences": 1,
        "color": "#DA3434",
        "prop": 0.020510755364405886
    },
    "C": {
        "size": 5242,
        "occurrences": 2,
        "color": "#555555",
        "prop": 0.03453818812085309
    },
    "Logos": {
        "size": 28529,
        "occurrences": 1,
        "color": null,
        "prop": 0.1879702344333876
    },
    "GLSL": {
        "size": 7672,
        "occurrences": 1,
        "color": "#5686a5",
        "prop": 0.050548832366116916
    },
    "Mako": {
        "size": 494,
        "occurrences": 1,
        "color": "#7e858d",
        "prop": 0.0032548387889548697
    },
    "PHP": {
        "size": 296654,
        "occurrences": 2,
        "color": "#4F5D95",
        "prop": 1.9545768139648134
    },
    "Hack": {
        "size": 4075,
        "occurrences": 1,
        "color": "#878787",
        "prop": 0.02684912563763379
    }
}