{
    "TypeScript": {
        "size": 4707730,
        "occurrences": 29,
        "color": "#3178c6",
        "prop": 33.0466157391077
    },
    "Python": {
        "size": 1262795,
        "occurrences": 21,
        "color": "#3572A5",
        "prop": 8.864378611829164
    },
    "CSS": {
        "size": 342598,
        "occurrences": 33,
        "color": "#663399",
        "prop": 2.4049179666180556
    },
    "GDScript": {
        "size": 259966,
        "occurrences": 2,
        "color": "#355570",
        "prop": 1.8248702680979734
    },
    "Rust": {
        "size": 546003,
        "occurrences": 3,
        "color": "#dea584",
        "prop": 3.8327498249474843
    },
    "HTML": {
        "size": 54378,
        "occurrences": 15,
        "color": "#e34c26",
        "prop": 0.3817145143543063
    },
    "C#": {
        "size": 2937749,
        "occurrences": 8,
        "color": "#178600",
        "prop": 20.621969046854407
    },
    "C++": {
        "size": 740411,
        "occurrences": 5,
        "color": "#f34b7d",
        "prop": 5.197425894434997
    },
    "Shell": {
        "size": 15478,
        "occurrences": 7,
        "color": "#89e051",
        "prop": 0.10865013890131953
    },
    "JavaScript": {
        "size": 1300858,
        "occurrences": 45,
        "color": "#f1e05a",
        "prop": 9.13156754043757
    },
    "SCSS": {
        "size": 87894,
        "occurrences": 12,
        "color": "#c6538c",
        "prop": 0.6169850955286587
    },
    "Handlebars": {
        "size": 133262,
        "occurrences": 13,
        "color": "#f7931e",
        "prop": 0.9354525655942396
    },
    "Ruby": {
        "size": 324,
        "occurrences": 2,
        "color": "#701516",
        "prop": 0.0022743665204824604
    },
    "Batchfile": {
        "size": 300,
        "occurrences": 2,
        "color": "#C1F12E",
        "prop": 0.002105894926372649
    },
    "ShaderLab": {
        "size": 96874,
        "occurrences": 1,
        "color": "#222c37",
        "prop": 0.6800215503247465
    },
    "HLSL": {
        "size": 19973,
        "occurrences": 1,
        "color": "#aace60",
        "prop": 0.14020346454813637
    },
    "PowerShell": {
        "size": 2686,
        "occurrences": 1,
        "color": "#012456",
        "prop": 0.01885477924078978
    },
    "Dockerfile": {
        "size": 937,
        "occurrences": 2,
        "color": "#384d54",
        "prop": 0.0065774118200372395
    },
    "Jupyter Notebook": {
        "size": 1389730,
        "occurrences": 4,
        "color": "#DA5B0B",
        "prop": 9.755417853426202
    },
    "CMake": {
        "size": 3113,
        "occurrences": 1,
        "color": "#DA3434",
        "prop": 0.02185216968599352
    },
    "C": {
        "size": 5242,
        "occurrences": 2,
        "color": "#555555",
        "prop": 0.03679700401348474
    },
    "Logos": {
        "size": 28529,
        "occurrences": 1,
        "color": null,
        "prop": 0.2002635878482843
    },
    "GLSL": {
        "size": 7672,
        "occurrences": 1,
        "color": "#5686a5",
        "prop": 0.0538547529171032
    },
    "Mako": {
        "size": 494,
        "occurrences": 1,
        "color": "#7e858d",
        "prop": 0.003467706978760295
    },
    "PHP": {
        "size": 296654,
        "occurrences": 2,
        "color": "#4F5D95",
        "prop": 2.082407178293839
    },
    "Hack": {
        "size": 4075,
        "occurrences": 1,
        "color": "#878787",
        "prop": 0.02860507274989514
    }
}