{
    "Python": {
        "size": 563562,
        "occurrences": 15,
        "color": "#3572A5",
        "prop": 3.946492430395839
    },
    "C++": {
        "size": 726723,
        "occurrences": 4,
        "color": "#f34b7d",
        "prop": 5.089070623098356
    },
    "Jupyter Notebook": {
        "size": 1743854,
        "occurrences": 5,
        "color": "#DA5B0B",
        "prop": 12.211800317827507
    },
    "C#": {
        "size": 6871561,
        "occurrences": 7,
        "color": "#178600",
        "prop": 48.11992907879393
    },
    "C": {
        "size": 5242,
        "occurrences": 2,
        "color": "#555555",
        "prop": 0.036708495817913536
    },
    "Shell": {
        "size": 10890,
        "occurrences": 6,
        "color": "#89e051",
        "prop": 0.07626011435655826
    },
    "JavaScript": {
        "size": 637669,
        "occurrences": 32,
        "color": "#f1e05a",
        "prop": 4.465446360113145
    },
    "Handlebars": {
        "size": 103716,
        "occurrences": 7,
        "color": "#f7931e",
        "prop": 0.726298808136345
    },
    "SCSS": {
        "size": 12853,
        "occurrences": 5,
        "color": "#c6538c",
        "prop": 0.09000654268364033
    },
    "HTML": {
        "size": 26116,
        "occurrences": 11,
        "color": "#e34c26",
        "prop": 0.18288421914929986
    },
    "Ruby": {
        "size": 324,
        "occurrences": 2,
        "color": "#701516",
        "prop": 0.002268895964327353
    },
    "CSS": {
        "size": 277778,
        "occurrences": 25,
        "color": "#663399",
        "prop": 1.9452141456139616
    },
    "TypeScript": {
        "size": 2682350,
        "occurrences": 20,
        "color": "#3178c6",
        "prop": 18.783867561461346
    },
    "GDScript": {
        "size": 259625,
        "occurrences": 2,
        "color": "#355570",
        "prop": 1.8180929467237317
    },
    "PHP": {
        "size": 306704,
        "occurrences": 3,
        "color": "#4F5D95",
        "prop": 2.1477761353180758
    },
    "Dockerfile": {
        "size": 691,
        "occurrences": 1,
        "color": "#384d54",
        "prop": 0.004838910837500621
    },
    "Logos": {
        "size": 28529,
        "occurrences": 1,
        "color": null,
        "prop": 0.19978189187128104
    },
    "GLSL": {
        "size": 7672,
        "occurrences": 1,
        "color": "#5686a5",
        "prop": 0.05372521555036869
    },
    "CMake": {
        "size": 3113,
        "occurrences": 1,
        "color": "#DA3434",
        "prop": 0.021799608447379788
    },
    "Rust": {
        "size": 6448,
        "occurrences": 1,
        "color": "#dea584",
        "prop": 0.04515383079624313
    },
    "Batchfile": {
        "size": 84,
        "occurrences": 1,
        "color": "#C1F12E",
        "prop": 0.0005882322870478324
    },
    "Mako": {
        "size": 494,
        "occurrences": 1,
        "color": "#7e858d",
        "prop": 0.003459366069067014
    },
    "Hack": {
        "size": 4075,
        "occurrences": 1,
        "color": "#878787",
        "prop": 0.028536268687141868
    }
}