{
    "Python": {
        "size": 1314615,
        "occurrences": 23,
        "color": "#3572A5",
        "prop": 7.1163819397533095
    },
    "C#": {
        "size": 4680477,
        "occurrences": 9,
        "color": "#178600",
        "prop": 25.336742690621016
    },
    "GDShader": {
        "size": 78766,
        "occurrences": 2,
        "color": "#478CBF",
        "prop": 0.42638258339255913
    },
    "GDScript": {
        "size": 314499,
        "occurrences": 4,
        "color": "#355570",
        "prop": 1.702471829144256
    },
    "Shell": {
        "size": 29889,
        "occurrences": 12,
        "color": "#89e051",
        "prop": 0.16179759077546405
    },
    "JavaScript": {
        "size": 3051583,
        "occurrences": 49,
        "color": "#f1e05a",
        "prop": 16.519079843800828
    },
    "SCSS": {
        "size": 112634,
        "occurrences": 14,
        "color": "#c6538c",
        "prop": 0.6097196239219652
    },
    "Handlebars": {
        "size": 170071,
        "occurrences": 15,
        "color": "#f7931e",
        "prop": 0.9206423119132103
    },
    "TypeScript": {
        "size": 4703842,
        "occurrences": 30,
        "color": "#3178c6",
        "prop": 25.463224028520205
    },
    "CSS": {
        "size": 348476,
        "occurrences": 34,
        "color": "#663399",
        "prop": 1.8863989174301785
    },
    "HTML": {
        "size": 61854,
        "occurrences": 17,
        "color": "#e34c26",
        "prop": 0.33483315533559344
    },
    "Rust": {
        "size": 966611,
        "occurrences": 5,
        "color": "#dea584",
        "prop": 5.232538091507313
    },
    "C++": {
        "size": 780662,
        "occurrences": 6,
        "color": "#f34b7d",
        "prop": 4.2259436853007895
    },
    "CMake": {
        "size": 5774,
        "occurrences": 2,
        "color": "#DA3434",
        "prop": 0.031256291248871804
    },
    "Batchfile": {
        "size": 300,
        "occurrences": 2,
        "color": "#C1F12E",
        "prop": 0.0016239846509632043
    },
    "ShaderLab": {
        "size": 96874,
        "occurrences": 1,
        "color": "#222c37",
        "prop": 0.5244062969246982
    },
    "HLSL": {
        "size": 19973,
        "occurrences": 1,
        "color": "#aace60",
        "prop": 0.10811948477896026
    },
    "PowerShell": {
        "size": 2686,
        "occurrences": 1,
        "color": "#012456",
        "prop": 0.014540075908290557
    },
    "Dockerfile": {
        "size": 937,
        "occurrences": 2,
        "color": "#384d54",
        "prop": 0.0050722453931750745
    },
    "Ruby": {
        "size": 162,
        "occurrences": 1,
        "color": "#701516",
        "prop": 0.0008769517115201303
    },
    "Jupyter Notebook": {
        "size": 1389730,
        "occurrences": 4,
        "color": "#DA5B0B",
        "prop": 7.523000629943646
    },
    "C": {
        "size": 5242,
        "occurrences": 2,
        "color": "#555555",
        "prop": 0.028376425134497053
    },
    "Logos": {
        "size": 28529,
        "occurrences": 1,
        "color": null,
        "prop": 0.15443552702443086
    },
    "GLSL": {
        "size": 7672,
        "occurrences": 1,
        "color": "#5686a5",
        "prop": 0.04153070080729901
    },
    "Mako": {
        "size": 494,
        "occurrences": 1,
        "color": "#7e858d",
        "prop": 0.0026741613919194097
    },
    "PHP": {
        "size": 296654,
        "occurrences": 2,
        "color": "#4F5D95",
        "prop": 1.6058718088227946
    },
    "Hack": {
        "size": 4075,
        "occurrences": 1,
        "color": "#878787",
        "prop": 0.02205912484225019
    }
}