{
    "Rust": {
        "size": 495398,
        "occurrences": 3,
        "color": "#dea584",
        "prop": 3.5128000384041216
    },
    "Shell": {
        "size": 15478,
        "occurrences": 7,
        "color": "#89e051",
        "prop": 0.10975239906987713
    },
    "Python": {
        "size": 1255472,
        "occurrences": 21,
        "color": "#3572A5",
        "prop": 8.902381700804805
    },
    "JavaScript": {
        "size": 1300401,
        "occurrences": 45,
        "color": "#f1e05a",
        "prop": 9.220967147103456
    },
    "SCSS": {
        "size": 87894,
        "occurrences": 12,
        "color": "#c6538c",
        "prop": 0.6232444349300802
    },
    "Handlebars": {
        "size": 133262,
        "occurrences": 13,
        "color": "#f7931e",
        "prop": 0.9449427706971164
    },
    "HTML": {
        "size": 54005,
        "occurrences": 14,
        "color": "#e34c26",
        "prop": 0.3829421315266
    },
    "CSS": {
        "size": 340067,
        "occurrences": 32,
        "color": "#663399",
        "prop": 2.4113689814249843
    },
    "TypeScript": {
        "size": 4655397,
        "occurrences": 28,
        "color": "#3178c6",
        "prop": 33.0107888210821
    },
    "GDScript": {
        "size": 259966,
        "occurrences": 2,
        "color": "#355570",
        "prop": 1.8433836527070473
    },
    "Ruby": {
        "size": 324,
        "occurrences": 2,
        "color": "#701516",
        "prop": 0.0022974400632278197
    },
    "Batchfile": {
        "size": 300,
        "occurrences": 2,
        "color": "#C1F12E",
        "prop": 0.002127259317803537
    },
    "ShaderLab": {
        "size": 96874,
        "occurrences": 1,
        "color": "#222c37",
        "prop": 0.6869203971763327
    },
    "C#": {
        "size": 2921987,
        "occurrences": 7,
        "color": "#178600",
        "prop": 20.719413574169344
    },
    "HLSL": {
        "size": 19973,
        "occurrences": 1,
        "color": "#aace60",
        "prop": 0.1416258345149668
    },
    "PowerShell": {
        "size": 2686,
        "occurrences": 1,
        "color": "#012456",
        "prop": 0.019046061758734332
    },
    "Dockerfile": {
        "size": 937,
        "occurrences": 2,
        "color": "#384d54",
        "prop": 0.006644139935939712
    },
    "Jupyter Notebook": {
        "size": 1389730,
        "occurrences": 4,
        "color": "#DA5B0B",
        "prop": 9.85438697243703
    },
    "C++": {
        "size": 726723,
        "occurrences": 4,
        "color": "#f34b7d",
        "prop": 5.1530942440404655
    },
    "CMake": {
        "size": 3113,
        "occurrences": 1,
        "color": "#DA3434",
        "prop": 0.022073860854408035
    },
    "C": {
        "size": 5242,
        "occurrences": 2,
        "color": "#555555",
        "prop": 0.037170311146420464
    },
    "Logos": {
        "size": 28529,
        "occurrences": 1,
        "color": null,
        "prop": 0.20229527025872363
    },
    "GLSL": {
        "size": 7672,
        "occurrences": 1,
        "color": "#5686a5",
        "prop": 0.054401111620629106
    },
    "Mako": {
        "size": 494,
        "occurrences": 1,
        "color": "#7e858d",
        "prop": 0.003502887009983157
    },
    "PHP": {
        "size": 296654,
        "occurrences": 2,
        "color": "#4F5D95",
        "prop": 2.1035332855456343
    },
    "Hack": {
        "size": 4075,
        "occurrences": 1,
        "color": "#878787",
        "prop": 0.028895272400164707
    }
}