{
    "Python": {
        "size": 624252,
        "occurrences": 16,
        "color": "#3572A5",
        "prop": 4.267948211579889
    },
    "TypeScript": {
        "size": 2897391,
        "occurrences": 22,
        "color": "#3178c6",
        "prop": 19.809171194802204
    },
    "CSS": {
        "size": 282634,
        "occurrences": 26,
        "color": "#663399",
        "prop": 1.932340264559297
    },
    "JavaScript": {
        "size": 689751,
        "occurrences": 35,
        "color": "#f1e05a",
        "prop": 4.7157582945436145
    },
    "Handlebars": {
        "size": 113826,
        "occurrences": 8,
        "color": "#f7931e",
        "prop": 0.7782169270283354
    },
    "SCSS": {
        "size": 16092,
        "occurrences": 6,
        "color": "#c6538c",
        "prop": 0.11001938739602529
    },
    "HTML": {
        "size": 26538,
        "occurrences": 12,
        "color": "#e34c26",
        "prop": 0.18143763998979115
    },
    "Ruby": {
        "size": 324,
        "occurrences": 2,
        "color": "#701516",
        "prop": 0.002215155450926684
    },
    "GDScript": {
        "size": 259625,
        "occurrences": 2,
        "color": "#355570",
        "prop": 1.775030043045803
    },
    "Shell": {
        "size": 10890,
        "occurrences": 6,
        "color": "#89e051",
        "prop": 0.0744538359894802
    },
    "C++": {
        "size": 726723,
        "occurrences": 4,
        "color": "#f34b7d",
        "prop": 4.968532144332692
    },
    "Jupyter Notebook": {
        "size": 1743854,
        "occurrences": 5,
        "color": "#DA5B0B",
        "prop": 11.922554610247843
    },
    "C#": {
        "size": 6871561,
        "occurrences": 7,
        "color": "#178600",
        "prop": 46.98017223927535
    },
    "C": {
        "size": 5242,
        "occurrences": 2,
        "color": "#555555",
        "prop": 0.03583902738814097
    },
    "PHP": {
        "size": 306704,
        "occurrences": 3,
        "color": "#4F5D95",
        "prop": 2.096904436484622
    },
    "Dockerfile": {
        "size": 691,
        "occurrences": 1,
        "color": "#384d54",
        "prop": 0.004724297582068946
    },
    "Logos": {
        "size": 28529,
        "occurrences": 1,
        "color": null,
        "prop": 0.19504990697372643
    },
    "GLSL": {
        "size": 7672,
        "occurrences": 1,
        "color": "#5686a5",
        "prop": 0.0524526932700911
    },
    "CMake": {
        "size": 3113,
        "occurrences": 1,
        "color": "#DA3434",
        "prop": 0.021283268267699895
    },
    "Rust": {
        "size": 6448,
        "occurrences": 1,
        "color": "#dea584",
        "prop": 0.04408432823325696
    },
    "Batchfile": {
        "size": 84,
        "occurrences": 1,
        "color": "#C1F12E",
        "prop": 0.0005742995613513624
    },
    "Mako": {
        "size": 494,
        "occurrences": 1,
        "color": "#7e858d",
        "prop": 0.003377428372709203
    },
    "Hack": {
        "size": 4075,
        "occurrences": 1,
        "color": "#878787",
        "prop": 0.027860365625080975
    }
}