{
    "Python": {
        "size": 553100,
        "occurrences": 12,
        "color": "#3572A5",
        "prop": 6.872899205348211
    },
    "JavaScript": {
        "size": 607807,
        "occurrences": 26,
        "color": "#f1e05a",
        "prop": 7.552696162186007
    },
    "Handlebars": {
        "size": 102910,
        "occurrences": 6,
        "color": "#f7931e",
        "prop": 1.2787742853415016
    },
    "SCSS": {
        "size": 12821,
        "occurrences": 4,
        "color": "#c6538c",
        "prop": 0.15931556809215228
    },
    "HTML": {
        "size": 18519,
        "occurrences": 9,
        "color": "#e34c26",
        "prop": 0.23011972587930488
    },
    "Ruby": {
        "size": 324,
        "occurrences": 2,
        "color": "#701516",
        "prop": 0.004026070046163118
    },
    "TypeScript": {
        "size": 2509115,
        "occurrences": 15,
        "color": "#3178c6",
        "prop": 31.178619579872134
    },
    "CSS": {
        "size": 263786,
        "occurrences": 22,
        "color": "#563d7c",
        "prop": 3.277842324682667
    },
    "Shell": {
        "size": 10890,
        "occurrences": 6,
        "color": "#89e051",
        "prop": 0.13532068766270478
    },
    "GDScript": {
        "size": 258063,
        "occurrences": 1,
        "color": "#355570",
        "prop": 3.20672751334257
    },
    "GLSL": {
        "size": 7672,
        "occurrences": 1,
        "color": "#5686a5",
        "prop": 0.09533336232766494
    },
    "C#": {
        "size": 2795425,
        "occurrences": 3,
        "color": "#178600",
        "prop": 34.73634832961584
    },
    "Jupyter Notebook": {
        "size": 184079,
        "occurrences": 3,
        "color": "#DA5B0B",
        "prop": 2.287391814900187
    },
    "C++": {
        "size": 410129,
        "occurrences": 2,
        "color": "#f34b7d",
        "prop": 5.096321240626029
    },
    "CMake": {
        "size": 3113,
        "occurrences": 1,
        "color": "#DA3434",
        "prop": 0.03868258041267218
    },
    "Rust": {
        "size": 6448,
        "occurrences": 1,
        "color": "#dea584",
        "prop": 0.08012376437549316
    },
    "Batchfile": {
        "size": 84,
        "occurrences": 1,
        "color": "#C1F12E",
        "prop": 0.0010437959378941418
    },
    "C": {
        "size": 2042,
        "occurrences": 1,
        "color": "#555555",
        "prop": 0.02537418220452187
    },
    "Mako": {
        "size": 494,
        "occurrences": 1,
        "color": "#7e858d",
        "prop": 0.006138514206186977
    },
    "PHP": {
        "size": 296654,
        "occurrences": 2,
        "color": "#4F5D95",
        "prop": 3.6862647638101036
    },
    "Hack": {
        "size": 4075,
        "occurrences": 1,
        "color": "#878787",
        "prop": 0.05063652912998366
    }
}