{
    "Python": {
        "size": 1262795,
        "occurrences": 21,
        "color": "#3572A5",
        "prop": 8.79715864862067
    },
    "Shell": {
        "size": 23744,
        "occurrences": 9,
        "color": "#89e051",
        "prop": 0.16541064460411167
    },
    "Rust": {
        "size": 660082,
        "occurrences": 4,
        "color": "#dea584",
        "prop": 4.598407560291915
    },
    "C++": {
        "size": 742457,
        "occurrences": 5,
        "color": "#f34b7d",
        "prop": 5.172266297204976
    },
    "TypeScript": {
        "size": 4707573,
        "occurrences": 29,
        "color": "#3178c6",
        "prop": 32.79492437882883
    },
    "CSS": {
        "size": 342979,
        "occurrences": 33,
        "color": "#663399",
        "prop": 2.3893353047369277
    },
    "JavaScript": {
        "size": 1300858,
        "occurrences": 45,
        "color": "#f1e05a",
        "prop": 9.062321441981783
    },
    "HTML": {
        "size": 54378,
        "occurrences": 15,
        "color": "#e34c26",
        "prop": 0.3788199137585236
    },
    "SCSS": {
        "size": 87894,
        "occurrences": 12,
        "color": "#c6538c",
        "prop": 0.6123064014839029
    },
    "Handlebars": {
        "size": 133262,
        "occurrences": 13,
        "color": "#f7931e",
        "prop": 0.9283588831381877
    },
    "GDScript": {
        "size": 259966,
        "occurrences": 2,
        "color": "#355570",
        "prop": 1.8110319927203713
    },
    "Ruby": {
        "size": 324,
        "occurrences": 2,
        "color": "#701516",
        "prop": 0.0022571196450358903
    },
    "Batchfile": {
        "size": 300,
        "occurrences": 2,
        "color": "#C1F12E",
        "prop": 0.002089925597255454
    },
    "ShaderLab": {
        "size": 96874,
        "occurrences": 1,
        "color": "#222c37",
        "prop": 0.6748648410284162
    },
    "C#": {
        "size": 2921987,
        "occurrences": 7,
        "color": "#178600",
        "prop": 20.355784753825574
    },
    "HLSL": {
        "size": 19973,
        "occurrences": 1,
        "color": "#aace60",
        "prop": 0.13914027984661062
    },
    "PowerShell": {
        "size": 2686,
        "occurrences": 1,
        "color": "#012456",
        "prop": 0.01871180051409383
    },
    "Dockerfile": {
        "size": 937,
        "occurrences": 2,
        "color": "#384d54",
        "prop": 0.006527534282094535
    },
    "Jupyter Notebook": {
        "size": 1389730,
        "occurrences": 4,
        "color": "#DA5B0B",
        "prop": 9.68144100091274
    },
    "CMake": {
        "size": 3113,
        "occurrences": 1,
        "color": "#DA3434",
        "prop": 0.021686461280854094
    },
    "C": {
        "size": 5242,
        "occurrences": 2,
        "color": "#555555",
        "prop": 0.0365179666027103
    },
    "Logos": {
        "size": 28529,
        "occurrences": 1,
        "color": null,
        "prop": 0.19874495788033616
    },
    "GLSL": {
        "size": 7672,
        "occurrences": 1,
        "color": "#5686a5",
        "prop": 0.053446363940479476
    },
    "Mako": {
        "size": 494,
        "occurrences": 1,
        "color": "#7e858d",
        "prop": 0.003441410816813981
    },
    "PHP": {
        "size": 296654,
        "occurrences": 2,
        "color": "#4F5D95",
        "prop": 2.066615960427398
    },
    "Hack": {
        "size": 4075,
        "occurrences": 1,
        "color": "#878787",
        "prop": 0.02838815602938658
    }
}