{
    "Rust": {
        "size": 851667,
        "occurrences": 4,
        "color": "#dea584",
        "prop": 5.854658603876887
    },
    "Shell": {
        "size": 23770,
        "occurrences": 9,
        "color": "#89e051",
        "prop": 0.16340334310728677
    },
    "Just": {
        "size": 637,
        "occurrences": 1,
        "color": "#384d54",
        "prop": 0.0043789621186092415
    },
    "Python": {
        "size": 1262795,
        "occurrences": 21,
        "color": "#3572A5",
        "prop": 8.680897124912335
    },
    "C++": {
        "size": 742457,
        "occurrences": 5,
        "color": "#f34b7d",
        "prop": 5.1039106400255285
    },
    "TypeScript": {
        "size": 4707573,
        "occurrences": 29,
        "color": "#3178c6",
        "prop": 32.361513088834634
    },
    "CSS": {
        "size": 342979,
        "occurrences": 33,
        "color": "#663399",
        "prop": 2.3577583178626043
    },
    "JavaScript": {
        "size": 1300858,
        "occurrences": 45,
        "color": "#f1e05a",
        "prop": 8.942555578790865
    },
    "HTML": {
        "size": 54378,
        "occurrences": 15,
        "color": "#e34c26",
        "prop": 0.373813504059236
    },
    "SCSS": {
        "size": 87894,
        "occurrences": 12,
        "color": "#c6538c",
        "prop": 0.6042142801460607
    },
    "Handlebars": {
        "size": 133262,
        "occurrences": 13,
        "color": "#f7931e",
        "prop": 0.9160898741759886
    },
    "GDScript": {
        "size": 259966,
        "occurrences": 2,
        "color": "#355570",
        "prop": 1.7870977490209894
    },
    "Ruby": {
        "size": 324,
        "occurrences": 2,
        "color": "#701516",
        "prop": 0.0022272899943946538
    },
    "Batchfile": {
        "size": 300,
        "occurrences": 2,
        "color": "#C1F12E",
        "prop": 0.00206230555036542
    },
    "ShaderLab": {
        "size": 96874,
        "occurrences": 1,
        "color": "#222c37",
        "prop": 0.6659459596203323
    },
    "C#": {
        "size": 2921987,
        "occurrences": 7,
        "color": "#178600",
        "prop": 20.086766693985343
    },
    "HLSL": {
        "size": 19973,
        "occurrences": 1,
        "color": "#aace60",
        "prop": 0.1373014291914951
    },
    "PowerShell": {
        "size": 2686,
        "occurrences": 1,
        "color": "#012456",
        "prop": 0.01846450902760506
    },
    "Dockerfile": {
        "size": 937,
        "occurrences": 2,
        "color": "#384d54",
        "prop": 0.006441267668974662
    },
    "Jupyter Notebook": {
        "size": 1389730,
        "occurrences": 4,
        "color": "#DA5B0B",
        "prop": 9.553492975031116
    },
    "CMake": {
        "size": 3113,
        "occurrences": 1,
        "color": "#DA3434",
        "prop": 0.021399857260958506
    },
    "C": {
        "size": 5242,
        "occurrences": 2,
        "color": "#555555",
        "prop": 0.036035352316718436
    },
    "Logos": {
        "size": 28529,
        "occurrences": 1,
        "color": null,
        "prop": 0.19611838348791688
    },
    "GLSL": {
        "size": 7672,
        "occurrences": 1,
        "color": "#5686a5",
        "prop": 0.052740027274678344
    },
    "Mako": {
        "size": 494,
        "occurrences": 1,
        "color": "#7e858d",
        "prop": 0.0033959298062683912
    },
    "PHP": {
        "size": 296654,
        "occurrences": 2,
        "color": "#4F5D95",
        "prop": 2.039303969127011
    },
    "Hack": {
        "size": 4075,
        "occurrences": 1,
        "color": "#878787",
        "prop": 0.028012983725796956
    }
}