{
    "C#": {
        "size": 4532182,
        "occurrences": 9,
        "color": "#178600",
        "prop": 23.709793320844863
    },
    "GDScript": {
        "size": 1183902,
        "occurrences": 4,
        "color": "#355570",
        "prop": 6.193500554950105
    },
    "GDShader": {
        "size": 57164,
        "occurrences": 2,
        "color": "#478CBF",
        "prop": 0.29904947007705684
    },
    "HTML": {
        "size": 74776,
        "occurrences": 18,
        "color": "#e34c26",
        "prop": 0.39118541694916387
    },
    "CSS": {
        "size": 356265,
        "occurrences": 35,
        "color": "#663399",
        "prop": 1.8637754435834208
    },
    "Python": {
        "size": 1310079,
        "occurrences": 23,
        "color": "#3572A5",
        "prop": 6.85358671032609
    },
    "Shell": {
        "size": 31902,
        "occurrences": 12,
        "color": "#89e051",
        "prop": 0.166893082961274
    },
    "Batchfile": {
        "size": 2013,
        "occurrences": 3,
        "color": "#C1F12E",
        "prop": 0.010530868785688817
    },
    "JavaScript": {
        "size": 3033043,
        "occurrences": 49,
        "color": "#f1e05a",
        "prop": 15.867152436339774
    },
    "SCSS": {
        "size": 112634,
        "occurrences": 14,
        "color": "#c6538c",
        "prop": 0.5892368975694358
    },
    "Handlebars": {
        "size": 169873,
        "occurrences": 15,
        "color": "#f7931e",
        "prop": 0.8886787249037835
    },
    "TypeScript": {
        "size": 4703842,
        "occurrences": 30,
        "color": "#3178c6",
        "prop": 24.607820611332365
    },
    "Ruby": {
        "size": 369,
        "occurrences": 2,
        "color": "#701516",
        "prop": 0.0019303977058714224
    },
    "C++": {
        "size": 780662,
        "occurrences": 6,
        "color": "#f34b7d",
        "prop": 4.083978682550125
    },
    "CMake": {
        "size": 5774,
        "occurrences": 2,
        "color": "#DA3434",
        "prop": 0.03020627738130513
    },
    "Rust": {
        "size": 907886,
        "occurrences": 5,
        "color": "#dea584",
        "prop": 4.749542145237892
    },
    "ShaderLab": {
        "size": 96874,
        "occurrences": 1,
        "color": "#222c37",
        "prop": 0.5067895592373663
    },
    "HLSL": {
        "size": 19973,
        "occurrences": 1,
        "color": "#aace60",
        "prop": 0.10448735333162579
    },
    "PowerShell": {
        "size": 2686,
        "occurrences": 1,
        "color": "#012456",
        "prop": 0.014051621241112847
    },
    "Dockerfile": {
        "size": 937,
        "occurrences": 2,
        "color": "#384d54",
        "prop": 0.0049018500010881375
    },
    "Jupyter Notebook": {
        "size": 1389730,
        "occurrences": 4,
        "color": "#DA5B0B",
        "prop": 7.270275348999165
    },
    "C": {
        "size": 5242,
        "occurrences": 2,
        "color": "#555555",
        "prop": 0.027423156569588065
    },
    "Logos": {
        "size": 28529,
        "occurrences": 1,
        "color": null,
        "prop": 0.14924746924337617
    },
    "GLSL": {
        "size": 7672,
        "occurrences": 1,
        "color": "#5686a5",
        "prop": 0.040135531705814506
    },
    "Mako": {
        "size": 494,
        "occurrences": 1,
        "color": "#7e858d",
        "prop": 0.002584326468022988
    },
    "PHP": {
        "size": 296654,
        "occurrences": 2,
        "color": "#4F5D95",
        "prop": 1.551924664058485
    },
    "Hack": {
        "size": 4075,
        "occurrences": 1,
        "color": "#878787",
        "prop": 0.021318077646141045
    }
}