{
    "Python": {
        "size": 653656,
        "occurrences": 16,
        "color": "#3572A5",
        "prop": 4.460014340965495
    },
    "Shell": {
        "size": 10890,
        "occurrences": 6,
        "color": "#89e051",
        "prop": 0.07430446010304234
    },
    "TypeScript": {
        "size": 2897391,
        "occurrences": 22,
        "color": "#3178c6",
        "prop": 19.769428279376854
    },
    "CSS": {
        "size": 282634,
        "occurrences": 26,
        "color": "#663399",
        "prop": 1.9284634322096668
    },
    "JavaScript": {
        "size": 689751,
        "occurrences": 35,
        "color": "#f1e05a",
        "prop": 4.7062971221793894
    },
    "Handlebars": {
        "size": 113826,
        "occurrences": 8,
        "color": "#f7931e",
        "prop": 0.7766555992368134
    },
    "SCSS": {
        "size": 16092,
        "occurrences": 6,
        "color": "#c6538c",
        "prop": 0.10979865674730553
    },
    "HTML": {
        "size": 26538,
        "occurrences": 12,
        "color": "#e34c26",
        "prop": 0.18107362371116048
    },
    "Ruby": {
        "size": 324,
        "occurrences": 2,
        "color": "#701516",
        "prop": 0.0022107112096772926
    },
    "GDScript": {
        "size": 259625,
        "occurrences": 2,
        "color": "#355570",
        "prop": 1.7714688204088491
    },
    "C++": {
        "size": 726723,
        "occurrences": 4,
        "color": "#f34b7d",
        "prop": 4.9585638346614545
    },
    "Jupyter Notebook": {
        "size": 1743854,
        "occurrences": 5,
        "color": "#DA5B0B",
        "prop": 11.89863452419934
    },
    "C#": {
        "size": 6871561,
        "occurrences": 7,
        "color": "#178600",
        "prop": 46.88591645272008
    },
    "C": {
        "size": 5242,
        "occurrences": 2,
        "color": "#555555",
        "prop": 0.0357671239540999
    },
    "PHP": {
        "size": 306704,
        "occurrences": 3,
        "color": "#4F5D95",
        "prop": 2.0926974409039025
    },
    "Dockerfile": {
        "size": 691,
        "occurrences": 1,
        "color": "#384d54",
        "prop": 0.004714819277429041
    },
    "Logos": {
        "size": 28529,
        "occurrences": 1,
        "color": null,
        "prop": 0.19465858055828236
    },
    "GLSL": {
        "size": 7672,
        "occurrences": 1,
        "color": "#5686a5",
        "prop": 0.0523474580266796
    },
    "CMake": {
        "size": 3113,
        "occurrences": 1,
        "color": "#DA3434",
        "prop": 0.021240567888041396
    },
    "Rust": {
        "size": 6448,
        "occurrences": 1,
        "color": "#dea584",
        "prop": 0.043995882345676494
    },
    "Batchfile": {
        "size": 84,
        "occurrences": 1,
        "color": "#C1F12E",
        "prop": 0.000573147350657076
    },
    "Mako": {
        "size": 494,
        "occurrences": 1,
        "color": "#7e858d",
        "prop": 0.00337065227648328
    },
    "Hack": {
        "size": 4075,
        "occurrences": 1,
        "color": "#878787",
        "prop": 0.027804469689614097
    }
}