{
    "C#": {
        "size": 6576060,
        "occurrences": 4,
        "color": "#178600",
        "prop": 49.91267638345884
    },
    "PHP": {
        "size": 306704,
        "occurrences": 3,
        "color": "#4F5D95",
        "prop": 2.3279011288693163
    },
    "Python": {
        "size": 540011,
        "occurrences": 13,
        "color": "#3572A5",
        "prop": 4.098714775489881
    },
    "TypeScript": {
        "size": 2675986,
        "occurrences": 20,
        "color": "#3178c6",
        "prop": 20.310888773014003
    },
    "HTML": {
        "size": 19355,
        "occurrences": 10,
        "color": "#e34c26",
        "prop": 0.14690557133022597
    },
    "CSS": {
        "size": 267702,
        "occurrences": 24,
        "color": "#563d7c",
        "prop": 2.0318736892918703
    },
    "JavaScript": {
        "size": 634355,
        "occurrences": 32,
        "color": "#f1e05a",
        "prop": 4.81479120130124
    },
    "Jupyter Notebook": {
        "size": 1304359,
        "occurrences": 3,
        "color": "#DA5B0B",
        "prop": 9.900160377924164
    },
    "Handlebars": {
        "size": 103591,
        "occurrences": 7,
        "color": "#f7931e",
        "prop": 0.7862616915354914
    },
    "SCSS": {
        "size": 12853,
        "occurrences": 5,
        "color": "#c6538c",
        "prop": 0.09755501463742672
    },
    "Ruby": {
        "size": 324,
        "occurrences": 2,
        "color": "#701516",
        "prop": 0.0024591787709115583
    },
    "Shell": {
        "size": 10890,
        "occurrences": 6,
        "color": "#89e051",
        "prop": 0.08265573091119405
    },
    "Logos": {
        "size": 28529,
        "occurrences": 1,
        "color": null,
        "prop": 0.21653676282511067
    },
    "C++": {
        "size": 412420,
        "occurrences": 3,
        "color": "#f34b7d",
        "prop": 3.130291693516497
    },
    "GDScript": {
        "size": 258063,
        "occurrences": 1,
        "color": "#355570",
        "prop": 1.9587131208572515
    },
    "GLSL": {
        "size": 7672,
        "occurrences": 1,
        "color": "#5686a5",
        "prop": 0.058230924476646524
    },
    "CMake": {
        "size": 3113,
        "occurrences": 1,
        "color": "#DA3434",
        "prop": 0.02362785035138173
    },
    "Rust": {
        "size": 6448,
        "occurrences": 1,
        "color": "#dea584",
        "prop": 0.04894069356431398
    },
    "Batchfile": {
        "size": 84,
        "occurrences": 1,
        "color": "#C1F12E",
        "prop": 0.0006375648665326262
    },
    "C": {
        "size": 2042,
        "occurrences": 1,
        "color": "#555555",
        "prop": 0.015498898303090746
    },
    "Mako": {
        "size": 494,
        "occurrences": 1,
        "color": "#7e858d",
        "prop": 0.0037494886198466354
    },
    "Hack": {
        "size": 4075,
        "occurrences": 1,
        "color": "#878787",
        "prop": 0.030929486084767286
    }
}