{
    "Python": {
        "size": 601602,
        "occurrences": 16,
        "color": "#3572A5",
        "prop": 4.1824085810280565
    },
    "Shell": {
        "size": 11173,
        "occurrences": 7,
        "color": "#89e051",
        "prop": 0.07767602347702714
    },
    "Batchfile": {
        "size": 360,
        "occurrences": 2,
        "color": "#C1F12E",
        "prop": 0.0025027627720155526
    },
    "JavaScript": {
        "size": 688590,
        "occurrences": 34,
        "color": "#f1e05a",
        "prop": 4.787159492172748
    },
    "Handlebars": {
        "size": 113826,
        "occurrences": 8,
        "color": "#f7931e",
        "prop": 0.7913318757984509
    },
    "SCSS": {
        "size": 16092,
        "occurrences": 6,
        "color": "#c6538c",
        "prop": 0.11187349590909519
    },
    "HTML": {
        "size": 26538,
        "occurrences": 12,
        "color": "#e34c26",
        "prop": 0.18449532901041316
    },
    "Ruby": {
        "size": 324,
        "occurrences": 2,
        "color": "#701516",
        "prop": 0.0022524864948139972
    },
    "CSS": {
        "size": 277778,
        "occurrences": 25,
        "color": "#663399",
        "prop": 1.9311456591248228
    },
    "TypeScript": {
        "size": 2683090,
        "occurrences": 21,
        "color": "#3178c6",
        "prop": 18.653160461020025
    },
    "GDScript": {
        "size": 259625,
        "occurrences": 2,
        "color": "#355570",
        "prop": 1.8049438463459386
    },
    "C++": {
        "size": 726723,
        "occurrences": 4,
        "color": "#f34b7d",
        "prop": 5.052264638798496
    },
    "Jupyter Notebook": {
        "size": 1743854,
        "occurrences": 5,
        "color": "#DA5B0B",
        "prop": 12.123480197306694
    },
    "C#": {
        "size": 6871561,
        "occurrences": 7,
        "color": "#178600",
        "prop": 47.77190849009435
    },
    "C": {
        "size": 5242,
        "occurrences": 2,
        "color": "#555555",
        "prop": 0.03644300680807091
    },
    "PHP": {
        "size": 306704,
        "occurrences": 3,
        "color": "#4F5D95",
        "prop": 2.132242647856273
    },
    "Dockerfile": {
        "size": 691,
        "occurrences": 1,
        "color": "#384d54",
        "prop": 0.00480391409850763
    },
    "Logos": {
        "size": 28529,
        "occurrences": 1,
        "color": null,
        "prop": 0.1983369975634214
    },
    "GLSL": {
        "size": 7672,
        "occurrences": 1,
        "color": "#5686a5",
        "prop": 0.05333665551917589
    },
    "CMake": {
        "size": 3113,
        "occurrences": 1,
        "color": "#DA3434",
        "prop": 0.021641945859123376
    },
    "Rust": {
        "size": 6448,
        "occurrences": 1,
        "color": "#dea584",
        "prop": 0.04482726209432301
    },
    "Mako": {
        "size": 494,
        "occurrences": 1,
        "color": "#7e858d",
        "prop": 0.0034343466927102308
    },
    "Hack": {
        "size": 4075,
        "occurrences": 1,
        "color": "#878787",
        "prop": 0.028329884155453827
    }
}