{
    "Python": {
        "size": 1251442,
        "occurrences": 20,
        "color": "#3572A5",
        "prop": 9.370400456988243
    },
    "TypeScript": {
        "size": 4582285,
        "occurrences": 26,
        "color": "#3178c6",
        "prop": 34.31069554805606
    },
    "CSS": {
        "size": 334810,
        "occurrences": 31,
        "color": "#663399",
        "prop": 2.506951002926411
    },
    "JavaScript": {
        "size": 1152402,
        "occurrences": 42,
        "color": "#f1e05a",
        "prop": 8.628820374763006
    },
    "HTML": {
        "size": 54005,
        "occurrences": 14,
        "color": "#e34c26",
        "prop": 0.4043722974613686
    },
    "SCSS": {
        "size": 73624,
        "occurrences": 9,
        "color": "#c6538c",
        "prop": 0.5512731418997463
    },
    "Handlebars": {
        "size": 124082,
        "occurrences": 10,
        "color": "#f7931e",
        "prop": 0.9290866292676889
    },
    "Shell": {
        "size": 10890,
        "occurrences": 6,
        "color": "#89e051",
        "prop": 0.08154086324144624
    },
    "Ruby": {
        "size": 324,
        "occurrences": 2,
        "color": "#701516",
        "prop": 0.002426009154290962
    },
    "Batchfile": {
        "size": 300,
        "occurrences": 2,
        "color": "#C1F12E",
        "prop": 0.002246304772491632
    },
    "ShaderLab": {
        "size": 96874,
        "occurrences": 1,
        "color": "#222c37",
        "prop": 0.7253617617678478
    },
    "C#": {
        "size": 2921987,
        "occurrences": 7,
        "color": "#178600",
        "prop": 21.87891114419502
    },
    "HLSL": {
        "size": 19973,
        "occurrences": 1,
        "color": "#aace60",
        "prop": 0.1495514840699179
    },
    "PowerShell": {
        "size": 2686,
        "occurrences": 1,
        "color": "#012456",
        "prop": 0.020111915396375076
    },
    "Dockerfile": {
        "size": 937,
        "occurrences": 2,
        "color": "#384d54",
        "prop": 0.007015958572748864
    },
    "GDScript": {
        "size": 259966,
        "occurrences": 2,
        "color": "#355570",
        "prop": 1.9465428882851985
    },
    "Jupyter Notebook": {
        "size": 1389730,
        "occurrences": 4,
        "color": "#DA5B0B",
        "prop": 10.405857104915986
    },
    "C++": {
        "size": 726723,
        "occurrences": 4,
        "color": "#f34b7d",
        "prop": 5.441471143931454
    },
    "CMake": {
        "size": 3113,
        "occurrences": 1,
        "color": "#DA3434",
        "prop": 0.023309155855888167
    },
    "C": {
        "size": 5242,
        "occurrences": 2,
        "color": "#555555",
        "prop": 0.039250432058003784
    },
    "Logos": {
        "size": 28529,
        "occurrences": 1,
        "color": null,
        "prop": 0.21361609618137925
    },
    "GLSL": {
        "size": 7672,
        "occurrences": 1,
        "color": "#5686a5",
        "prop": 0.057445500715186004
    },
    "Rust": {
        "size": 6448,
        "occurrences": 1,
        "color": "#dea584",
        "prop": 0.04828057724342014
    },
    "Mako": {
        "size": 494,
        "occurrences": 1,
        "color": "#7e858d",
        "prop": 0.0036989151920362204
    },
    "PHP": {
        "size": 296654,
        "occurrences": 2,
        "color": "#4F5D95",
        "prop": 2.2212509865957752
    },
    "Hack": {
        "size": 4075,
        "occurrences": 1,
        "color": "#878787",
        "prop": 0.030512306493011333
    }
}