{
    "C#": {
        "size": 4601975,
        "occurrences": 9,
        "color": "#178600",
        "prop": 25.16823349159728
    },
    "GDShader": {
        "size": 57164,
        "occurrences": 2,
        "color": "#478CBF",
        "prop": 0.31263031618243625
    },
    "GDScript": {
        "size": 307875,
        "occurrences": 4,
        "color": "#355570",
        "prop": 1.6837705303104675
    },
    "Python": {
        "size": 1310079,
        "occurrences": 23,
        "color": "#3572A5",
        "prop": 7.164831222342206
    },
    "Shell": {
        "size": 29888,
        "occurrences": 12,
        "color": "#89e051",
        "prop": 0.16345768123400486
    },
    "JavaScript": {
        "size": 3033545,
        "occurrences": 49,
        "color": "#f1e05a",
        "prop": 16.590478841642444
    },
    "CSS": {
        "size": 348476,
        "occurrences": 34,
        "color": "#663399",
        "prop": 1.9058176835419258
    },
    "Handlebars": {
        "size": 169873,
        "occurrences": 15,
        "color": "#f7931e",
        "prop": 0.9290366262133334
    },
    "SCSS": {
        "size": 112634,
        "occurrences": 14,
        "color": "#c6538c",
        "prop": 0.6159961345058519
    },
    "HTML": {
        "size": 61854,
        "occurrences": 17,
        "color": "#e34c26",
        "prop": 0.33827995901526153
    },
    "TypeScript": {
        "size": 4703842,
        "occurrences": 30,
        "color": "#3178c6",
        "prop": 25.725344827727646
    },
    "C++": {
        "size": 780662,
        "occurrences": 6,
        "color": "#f34b7d",
        "prop": 4.269445943104279
    },
    "CMake": {
        "size": 5774,
        "occurrences": 2,
        "color": "#DA3434",
        "prop": 0.031578046421478316
    },
    "Rust": {
        "size": 907886,
        "occurrences": 5,
        "color": "#dea584",
        "prop": 4.9652348897489205
    },
    "Batchfile": {
        "size": 300,
        "occurrences": 2,
        "color": "#C1F12E",
        "prop": 0.0016407021001807235
    },
    "ShaderLab": {
        "size": 96874,
        "occurrences": 1,
        "color": "#222c37",
        "prop": 0.5298045841763579
    },
    "HLSL": {
        "size": 19973,
        "occurrences": 1,
        "color": "#aace60",
        "prop": 0.10923247682303196
    },
    "PowerShell": {
        "size": 2686,
        "occurrences": 1,
        "color": "#012456",
        "prop": 0.014689752803618075
    },
    "Dockerfile": {
        "size": 937,
        "occurrences": 2,
        "color": "#384d54",
        "prop": 0.0051244595595644595
    },
    "Ruby": {
        "size": 162,
        "occurrences": 1,
        "color": "#701516",
        "prop": 0.0008859791340975906
    },
    "Jupyter Notebook": {
        "size": 1389730,
        "occurrences": 4,
        "color": "#DA5B0B",
        "prop": 7.600443098947189
    },
    "C": {
        "size": 5242,
        "occurrences": 2,
        "color": "#555555",
        "prop": 0.028668534697157837
    },
    "Logos": {
        "size": 28529,
        "occurrences": 1,
        "color": null,
        "prop": 0.1560253007201862
    },
    "GLSL": {
        "size": 7672,
        "occurrences": 1,
        "color": "#5686a5",
        "prop": 0.0419582217086217
    },
    "Mako": {
        "size": 494,
        "occurrences": 1,
        "color": "#7e858d",
        "prop": 0.002701689458297591
    },
    "PHP": {
        "size": 296654,
        "occurrences": 2,
        "color": "#4F5D95",
        "prop": 1.6224028027567075
    },
    "Hack": {
        "size": 4075,
        "occurrences": 1,
        "color": "#878787",
        "prop": 0.022286203527454824
    }
}