{
    "Python": {
        "size": 1251442,
        "occurrences": 20,
        "color": "#3572A5",
        "prop": 9.661596827545049
    },
    "TypeScript": {
        "size": 4577176,
        "occurrences": 26,
        "color": "#3178c6",
        "prop": 35.33749795892685
    },
    "CSS": {
        "size": 327624,
        "occurrences": 30,
        "color": "#663399",
        "prop": 2.5293789077141566
    },
    "JavaScript": {
        "size": 796514,
        "occurrences": 39,
        "color": "#f1e05a",
        "prop": 6.14938377926841
    },
    "HTML": {
        "size": 39008,
        "occurrences": 13,
        "color": "#e34c26",
        "prop": 0.3011562413990239
    },
    "Batchfile": {
        "size": 300,
        "occurrences": 2,
        "color": "#C1F12E",
        "prop": 0.0023161113725314597
    },
    "Handlebars": {
        "size": 118779,
        "occurrences": 8,
        "color": "#f7931e",
        "prop": 0.9170179757263808
    },
    "SCSS": {
        "size": 59585,
        "occurrences": 7,
        "color": "#c6538c",
        "prop": 0.46001832044095675
    },
    "Ruby": {
        "size": 324,
        "occurrences": 2,
        "color": "#701516",
        "prop": 0.002501400282333976
    },
    "ShaderLab": {
        "size": 96874,
        "occurrences": 1,
        "color": "#222c37",
        "prop": 0.7479032436753754
    },
    "C#": {
        "size": 2921987,
        "occurrences": 7,
        "color": "#178600",
        "prop": 22.558824403630272
    },
    "HLSL": {
        "size": 19973,
        "occurrences": 1,
        "color": "#aace60",
        "prop": 0.1541989748119028
    },
    "Shell": {
        "size": 10890,
        "occurrences": 6,
        "color": "#89e051",
        "prop": 0.08407484282289197
    },
    "PowerShell": {
        "size": 2686,
        "occurrences": 1,
        "color": "#012456",
        "prop": 0.020736917155398334
    },
    "Dockerfile": {
        "size": 937,
        "occurrences": 2,
        "color": "#384d54",
        "prop": 0.007233987853539925
    },
    "GDScript": {
        "size": 259966,
        "occurrences": 2,
        "color": "#355570",
        "prop": 2.007034030238378
    },
    "Jupyter Notebook": {
        "size": 1389730,
        "occurrences": 4,
        "color": "#DA5B0B",
        "prop": 10.729231525827151
    },
    "C++": {
        "size": 726723,
        "occurrences": 4,
        "color": "#f34b7d",
        "prop": 5.610571349933933
    },
    "CMake": {
        "size": 3113,
        "occurrences": 1,
        "color": "#DA3434",
        "prop": 0.02403351567563478
    },
    "C": {
        "size": 5242,
        "occurrences": 2,
        "color": "#555555",
        "prop": 0.04047018604936637
    },
    "Logos": {
        "size": 28529,
        "occurrences": 1,
        "color": null,
        "prop": 0.22025447115650004
    },
    "GLSL": {
        "size": 7672,
        "occurrences": 1,
        "color": "#5686a5",
        "prop": 0.05923068816687119
    },
    "Rust": {
        "size": 6448,
        "occurrences": 1,
        "color": "#dea584",
        "prop": 0.04978095376694284
    },
    "Mako": {
        "size": 494,
        "occurrences": 1,
        "color": "#7e858d",
        "prop": 0.003813863393435137
    },
    "PHP": {
        "size": 296654,
        "occurrences": 2,
        "color": "#4F5D95",
        "prop": 2.290279010356492
    },
    "Hack": {
        "size": 4075,
        "occurrences": 1,
        "color": "#878787",
        "prop": 0.03146051281021899
    }
}