{
    "C#": {
        "size": 3227531,
        "occurrences": 8,
        "color": "#178600",
        "prop": 20.836512579096482
    },
    "Python": {
        "size": 1274038,
        "occurrences": 21,
        "color": "#3572A5",
        "prop": 8.225020553868243
    },
    "TypeScript": {
        "size": 4703842,
        "occurrences": 30,
        "color": "#3178c6",
        "prop": 30.36738082549241
    },
    "GDScript": {
        "size": 259966,
        "occurrences": 2,
        "color": "#355570",
        "prop": 1.6783060578310156
    },
    "C++": {
        "size": 780662,
        "occurrences": 6,
        "color": "#f34b7d",
        "prop": 5.039850456284578
    },
    "CMake": {
        "size": 5315,
        "occurrences": 2,
        "color": "#DA3434",
        "prop": 0.034312935912280254
    },
    "CSS": {
        "size": 342950,
        "occurrences": 33,
        "color": "#663399",
        "prop": 2.2140397687895605
    },
    "JavaScript": {
        "size": 1770104,
        "occurrences": 48,
        "color": "#f1e05a",
        "prop": 11.427556935102714
    },
    "HTML": {
        "size": 54738,
        "occurrences": 16,
        "color": "#e34c26",
        "prop": 0.35338127675755343
    },
    "Handlebars": {
        "size": 167023,
        "occurrences": 15,
        "color": "#f7931e",
        "prop": 1.0782783621593197
    },
    "SCSS": {
        "size": 112348,
        "occurrences": 14,
        "color": "#c6538c",
        "prop": 0.7253038050560418
    },
    "Shell": {
        "size": 29847,
        "occurrences": 11,
        "color": "#89e051",
        "prop": 0.19268827811360842
    },
    "Ruby": {
        "size": 369,
        "occurrences": 2,
        "color": "#701516",
        "prop": 0.0023822151178986666
    },
    "Rust": {
        "size": 907886,
        "occurrences": 5,
        "color": "#dea584",
        "prop": 5.861191746689834
    },
    "Batchfile": {
        "size": 300,
        "occurrences": 2,
        "color": "#C1F12E",
        "prop": 0.0019367602584542008
    },
    "ShaderLab": {
        "size": 96874,
        "occurrences": 1,
        "color": "#222c37",
        "prop": 0.6254057109249741
    },
    "HLSL": {
        "size": 19973,
        "occurrences": 1,
        "color": "#aace60",
        "prop": 0.1289430421403525
    },
    "PowerShell": {
        "size": 2686,
        "occurrences": 1,
        "color": "#012456",
        "prop": 0.017340460180693275
    },
    "Dockerfile": {
        "size": 937,
        "occurrences": 2,
        "color": "#384d54",
        "prop": 0.006049147873905286
    },
    "Jupyter Notebook": {
        "size": 1389730,
        "occurrences": 4,
        "color": "#DA5B0B",
        "prop": 8.97191277993852
    },
    "C": {
        "size": 5242,
        "occurrences": 2,
        "color": "#555555",
        "prop": 0.03384165758272306
    },
    "Logos": {
        "size": 28529,
        "occurrences": 1,
        "color": null,
        "prop": 0.1841794447114663
    },
    "GLSL": {
        "size": 7672,
        "occurrences": 1,
        "color": "#5686a5",
        "prop": 0.04952941567620209
    },
    "Mako": {
        "size": 494,
        "occurrences": 1,
        "color": "#7e858d",
        "prop": 0.0031891985589212503
    },
    "PHP": {
        "size": 296654,
        "occurrences": 2,
        "color": "#4F5D95",
        "prop": 1.915158925704908
    },
    "Hack": {
        "size": 4075,
        "occurrences": 1,
        "color": "#878787",
        "prop": 0.026307660177336226
    }
}