{
    "JavaScript": {
        "size": 634355,
        "occurrences": 32,
        "color": "#f1e05a",
        "prop": 4.651934154622223
    },
    "CSS": {
        "size": 267702,
        "occurrences": 24,
        "color": "#563d7c",
        "prop": 1.9631469399006525
    },
    "Handlebars": {
        "size": 103591,
        "occurrences": 7,
        "color": "#f7931e",
        "prop": 0.7596669231131948
    },
    "HTML": {
        "size": 19355,
        "occurrences": 10,
        "color": "#e34c26",
        "prop": 0.14193659002090805
    },
    "SCSS": {
        "size": 12853,
        "occurrences": 5,
        "color": "#c6538c",
        "prop": 0.09425528243548081
    },
    "Ruby": {
        "size": 324,
        "occurrences": 2,
        "color": "#701516",
        "prop": 0.002375998716960693
    },
    "C#": {
        "size": 6683177,
        "occurrences": 4,
        "color": "#178600",
        "prop": 49.00993820130004
    },
    "Jupyter Notebook": {
        "size": 1658483,
        "occurrences": 4,
        "color": "#DA5B0B",
        "prop": 12.162202099077533
    },
    "PHP": {
        "size": 306704,
        "occurrences": 3,
        "color": "#4F5D95",
        "prop": 2.2491614521194827
    },
    "Python": {
        "size": 540011,
        "occurrences": 13,
        "color": "#3572A5",
        "prop": 3.960078528224262
    },
    "Shell": {
        "size": 10890,
        "occurrences": 6,
        "color": "#89e051",
        "prop": 0.07985995687562329
    },
    "TypeScript": {
        "size": 2675986,
        "occurrences": 20,
        "color": "#3178c6",
        "prop": 19.623886736434496
    },
    "Logos": {
        "size": 28529,
        "occurrences": 1,
        "color": null,
        "prop": 0.20921255369188768
    },
    "C++": {
        "size": 412420,
        "occurrences": 3,
        "color": "#f34b7d",
        "prop": 3.0244117001510156
    },
    "GDScript": {
        "size": 258063,
        "occurrences": 1,
        "color": "#355570",
        "prop": 1.8924609780710717
    },
    "GLSL": {
        "size": 7672,
        "occurrences": 1,
        "color": "#5686a5",
        "prop": 0.05626130295222974
    },
    "CMake": {
        "size": 3113,
        "occurrences": 1,
        "color": "#DA3434",
        "prop": 0.022828654339193323
    },
    "Rust": {
        "size": 6448,
        "occurrences": 1,
        "color": "#dea584",
        "prop": 0.04728530779926712
    },
    "Batchfile": {
        "size": 84,
        "occurrences": 1,
        "color": "#C1F12E",
        "prop": 0.0006159996673601796
    },
    "C": {
        "size": 2042,
        "occurrences": 1,
        "color": "#555555",
        "prop": 0.014974658580351033
    },
    "Mako": {
        "size": 494,
        "occurrences": 1,
        "color": "#7e858d",
        "prop": 0.003622664710427723
    },
    "Hack": {
        "size": 4075,
        "occurrences": 1,
        "color": "#878787",
        "prop": 0.029883317196342046
    }
}