{
    "C#": {
        "size": 3182425,
        "occurrences": 8,
        "color": "#178600",
        "prop": 20.605316562422566
    },
    "TypeScript": {
        "size": 4703842,
        "occurrences": 30,
        "color": "#3178c6",
        "prop": 30.456068397407286
    },
    "GDScript": {
        "size": 259966,
        "occurrences": 2,
        "color": "#355570",
        "prop": 1.6832075305676473
    },
    "Python": {
        "size": 1274038,
        "occurrences": 21,
        "color": "#3572A5",
        "prop": 8.249041627864198
    },
    "C++": {
        "size": 780662,
        "occurrences": 6,
        "color": "#f34b7d",
        "prop": 5.054569279167278
    },
    "CMake": {
        "size": 5315,
        "occurrences": 2,
        "color": "#DA3434",
        "prop": 0.03441314643056033
    },
    "CSS": {
        "size": 342950,
        "occurrences": 33,
        "color": "#663399",
        "prop": 2.2205058454112256
    },
    "JavaScript": {
        "size": 1770104,
        "occurrences": 48,
        "color": "#f1e05a",
        "prop": 11.460930978235288
    },
    "HTML": {
        "size": 54738,
        "occurrences": 16,
        "color": "#e34c26",
        "prop": 0.3544133225429936
    },
    "Handlebars": {
        "size": 167023,
        "occurrences": 15,
        "color": "#f7931e",
        "prop": 1.0814274611987726
    },
    "SCSS": {
        "size": 112348,
        "occurrences": 14,
        "color": "#c6538c",
        "prop": 0.7274220461299324
    },
    "Shell": {
        "size": 29847,
        "occurrences": 11,
        "color": "#89e051",
        "prop": 0.19325102192153037
    },
    "Ruby": {
        "size": 369,
        "occurrences": 2,
        "color": "#701516",
        "prop": 0.002389172348612749
    },
    "Rust": {
        "size": 907886,
        "occurrences": 5,
        "color": "#dea584",
        "prop": 5.878309286971907
    },
    "Batchfile": {
        "size": 300,
        "occurrences": 2,
        "color": "#C1F12E",
        "prop": 0.0019424165435876007
    },
    "ShaderLab": {
        "size": 96874,
        "occurrences": 1,
        "color": "#222c37",
        "prop": 0.6272322008116841
    },
    "HLSL": {
        "size": 19973,
        "occurrences": 1,
        "color": "#aace60",
        "prop": 0.1293196187502505
    },
    "PowerShell": {
        "size": 2686,
        "occurrences": 1,
        "color": "#012456",
        "prop": 0.017391102786920985
    },
    "Dockerfile": {
        "size": 937,
        "occurrences": 2,
        "color": "#384d54",
        "prop": 0.006066814337805273
    },
    "Jupyter Notebook": {
        "size": 1389730,
        "occurrences": 4,
        "color": "#DA5B0B",
        "prop": 8.99811514373332
    },
    "C": {
        "size": 5242,
        "occurrences": 2,
        "color": "#555555",
        "prop": 0.03394049173828734
    },
    "Logos": {
        "size": 28529,
        "occurrences": 1,
        "color": null,
        "prop": 0.18471733857336886
    },
    "GLSL": {
        "size": 7672,
        "occurrences": 1,
        "color": "#5686a5",
        "prop": 0.04967406574134691
    },
    "Mako": {
        "size": 494,
        "occurrences": 1,
        "color": "#7e858d",
        "prop": 0.0031985125751075824
    },
    "PHP": {
        "size": 296654,
        "occurrences": 2,
        "color": "#4F5D95",
        "prop": 1.9207521244047872
    },
    "Hack": {
        "size": 4075,
        "occurrences": 1,
        "color": "#878787",
        "prop": 0.026384491383731577
    }
}