{
    "C#": {
        "size": 3513172,
        "occurrences": 9,
        "color": "#178600",
        "prop": 20.563906953374254
    },
    "GDShader": {
        "size": 4620,
        "occurrences": 2,
        "color": "#478CBF",
        "prop": 0.027042584343888957
    },
    "Python": {
        "size": 1305864,
        "occurrences": 22,
        "color": "#3572A5",
        "prop": 7.6437093856381395
    },
    "JavaScript": {
        "size": 3021580,
        "occurrences": 48,
        "color": "#f1e05a",
        "prop": 17.68643549822684
    },
    "Handlebars": {
        "size": 169873,
        "occurrences": 15,
        "color": "#f7931e",
        "prop": 0.9943300714825647
    },
    "SCSS": {
        "size": 112634,
        "occurrences": 14,
        "color": "#c6538c",
        "prop": 0.6592888409068374
    },
    "GDScript": {
        "size": 274527,
        "occurrences": 3,
        "color": "#355570",
        "prop": 1.60690899397723
    },
    "TypeScript": {
        "size": 4703842,
        "occurrences": 30,
        "color": "#3178c6",
        "prop": 27.53334286262496
    },
    "HTML": {
        "size": 57036,
        "occurrences": 16,
        "color": "#e34c26",
        "prop": 0.3338529958091018
    },
    "CSS": {
        "size": 343314,
        "occurrences": 33,
        "color": "#663399",
        "prop": 2.0095449786662103
    },
    "C++": {
        "size": 780662,
        "occurrences": 6,
        "color": "#f34b7d",
        "prop": 4.56950605607555
    },
    "CMake": {
        "size": 5774,
        "occurrences": 2,
        "color": "#DA3434",
        "prop": 0.03379737705662658
    },
    "Shell": {
        "size": 29847,
        "occurrences": 11,
        "color": "#89e051",
        "prop": 0.17470563093334496
    },
    "Ruby": {
        "size": 369,
        "occurrences": 2,
        "color": "#701516",
        "prop": 0.0021598947235703515
    },
    "Rust": {
        "size": 907886,
        "occurrences": 5,
        "color": "#dea584",
        "prop": 5.314195612475317
    },
    "Batchfile": {
        "size": 300,
        "occurrences": 2,
        "color": "#C1F12E",
        "prop": 0.0017560119703823997
    },
    "ShaderLab": {
        "size": 96874,
        "occurrences": 1,
        "color": "#222c37",
        "prop": 0.5670396787294153
    },
    "HLSL": {
        "size": 19973,
        "occurrences": 1,
        "color": "#aace60",
        "prop": 0.11690942361482555
    },
    "PowerShell": {
        "size": 2686,
        "occurrences": 1,
        "color": "#012456",
        "prop": 0.015722160508157085
    },
    "Dockerfile": {
        "size": 937,
        "occurrences": 2,
        "color": "#384d54",
        "prop": 0.005484610720827694
    },
    "Jupyter Notebook": {
        "size": 1389730,
        "occurrences": 4,
        "color": "#DA5B0B",
        "prop": 8.134608385331775
    },
    "C": {
        "size": 5242,
        "occurrences": 2,
        "color": "#555555",
        "prop": 0.030683382495815134
    },
    "Logos": {
        "size": 28529,
        "occurrences": 1,
        "color": null,
        "prop": 0.1669908850101316
    },
    "GLSL": {
        "size": 7672,
        "occurrences": 1,
        "color": "#5686a5",
        "prop": 0.04490707945591257
    },
    "Mako": {
        "size": 494,
        "occurrences": 1,
        "color": "#7e858d",
        "prop": 0.0028915663778963517
    },
    "PHP": {
        "size": 296654,
        "occurrences": 2,
        "color": "#4F5D95",
        "prop": 1.7364265835394015
    },
    "Hack": {
        "size": 4075,
        "occurrences": 1,
        "color": "#878787",
        "prop": 0.023852495931027597
    }
}