{
    "JavaScript": {
        "size": 637669,
        "occurrences": 32,
        "color": "#f1e05a",
        "prop": 4.6125888058738465
    },
    "CSS": {
        "size": 277421,
        "occurrences": 25,
        "color": "#563d7c",
        "prop": 2.00672919510644
    },
    "Handlebars": {
        "size": 103716,
        "occurrences": 7,
        "color": "#f7931e",
        "prop": 0.7502313278362471
    },
    "HTML": {
        "size": 26116,
        "occurrences": 11,
        "color": "#e34c26",
        "prop": 0.18891049941929333
    },
    "SCSS": {
        "size": 12853,
        "occurrences": 5,
        "color": "#c6538c",
        "prop": 0.09297237896447302
    },
    "Ruby": {
        "size": 324,
        "occurrences": 2,
        "color": "#701516",
        "prop": 0.0023436591289573844
    },
    "C#": {
        "size": 6845915,
        "occurrences": 5,
        "color": "#178600",
        "prop": 49.520034524124355
    },
    "Jupyter Notebook": {
        "size": 1658483,
        "occurrences": 4,
        "color": "#DA5B0B",
        "prop": 11.996663034477251
    },
    "PHP": {
        "size": 306704,
        "occurrences": 3,
        "color": "#4F5D95",
        "prop": 2.2185482391597082
    },
    "Python": {
        "size": 544828,
        "occurrences": 14,
        "color": "#3572A5",
        "prop": 3.941021962690104
    },
    "Shell": {
        "size": 10890,
        "occurrences": 6,
        "color": "#89e051",
        "prop": 0.07877298738995653
    },
    "Dockerfile": {
        "size": 691,
        "occurrences": 1,
        "color": "#384d54",
        "prop": 0.00499835943860973
    },
    "TypeScript": {
        "size": 2675986,
        "occurrences": 20,
        "color": "#3178c6",
        "prop": 19.356787092167142
    },
    "Logos": {
        "size": 28529,
        "occurrences": 1,
        "color": null,
        "prop": 0.20636497311736177
    },
    "C++": {
        "size": 412420,
        "occurrences": 3,
        "color": "#f34b7d",
        "prop": 2.9832465986561862
    },
    "GDScript": {
        "size": 258063,
        "occurrences": 1,
        "color": "#355570",
        "prop": 1.866702795667066
    },
    "GLSL": {
        "size": 7672,
        "occurrences": 1,
        "color": "#5686a5",
        "prop": 0.05549553344864522
    },
    "CMake": {
        "size": 3113,
        "occurrences": 1,
        "color": "#DA3434",
        "prop": 0.02251793477914919
    },
    "Rust": {
        "size": 6448,
        "occurrences": 1,
        "color": "#dea584",
        "prop": 0.04664171007258399
    },
    "Batchfile": {
        "size": 84,
        "occurrences": 1,
        "color": "#C1F12E",
        "prop": 0.0006076153297296923
    },
    "C": {
        "size": 2042,
        "occurrences": 1,
        "color": "#555555",
        "prop": 0.014770839325095613
    },
    "Mako": {
        "size": 494,
        "occurrences": 1,
        "color": "#7e858d",
        "prop": 0.0035733568200769996
    },
    "Hack": {
        "size": 4075,
        "occurrences": 1,
        "color": "#878787",
        "prop": 0.02947657700772019
    }
}