{
    "GDScript": {
        "size": 1181460,
        "occurrences": 4,
        "color": "#355570",
        "prop": 6.436434098053717
    },
    "C#": {
        "size": 3811961,
        "occurrences": 9,
        "color": "#178600",
        "prop": 20.767047348916552
    },
    "GDShader": {
        "size": 42442,
        "occurrences": 2,
        "color": "#478CBF",
        "prop": 0.23121826891269776
    },
    "HTML": {
        "size": 69958,
        "occurrences": 17,
        "color": "#e34c26",
        "prop": 0.3811217109607113
    },
    "CSS": {
        "size": 351103,
        "occurrences": 34,
        "color": "#663399",
        "prop": 1.912761601009729
    },
    "Python": {
        "size": 1309124,
        "occurrences": 23,
        "color": "#3572A5",
        "prop": 7.131930283023102
    },
    "Shell": {
        "size": 31708,
        "occurrences": 12,
        "color": "#89e051",
        "prop": 0.1727408904077051
    },
    "Batchfile": {
        "size": 2013,
        "occurrences": 3,
        "color": "#C1F12E",
        "prop": 0.010966551418907228
    },
    "TypeScript": {
        "size": 4703842,
        "occurrences": 30,
        "color": "#3178c6",
        "prop": 25.625894266972388
    },
    "JavaScript": {
        "size": 3022141,
        "occurrences": 48,
        "color": "#f1e05a",
        "prop": 16.464214938742032
    },
    "Handlebars": {
        "size": 169873,
        "occurrences": 15,
        "color": "#f7931e",
        "prop": 0.9254451014327012
    },
    "SCSS": {
        "size": 112634,
        "occurrences": 14,
        "color": "#c6538c",
        "prop": 0.6136147801873804
    },
    "Ruby": {
        "size": 369,
        "occurrences": 2,
        "color": "#701516",
        "prop": 0.0020102620335701775
    },
    "C++": {
        "size": 780662,
        "occurrences": 6,
        "color": "#f34b7d",
        "prop": 4.25294086626277
    },
    "CMake": {
        "size": 5774,
        "occurrences": 2,
        "color": "#DA3434",
        "prop": 0.0314559701404721
    },
    "Rust": {
        "size": 907886,
        "occurrences": 5,
        "color": "#dea584",
        "prop": 4.9460399908127215
    },
    "ShaderLab": {
        "size": 96874,
        "occurrences": 1,
        "color": "#222c37",
        "prop": 0.5277564342549522
    },
    "HLSL": {
        "size": 19973,
        "occurrences": 1,
        "color": "#aace60",
        "prop": 0.10881019944850177
    },
    "PowerShell": {
        "size": 2686,
        "occurrences": 1,
        "color": "#012456",
        "prop": 0.014632964287722214
    },
    "Dockerfile": {
        "size": 937,
        "occurrences": 2,
        "color": "#384d54",
        "prop": 0.00510464912047495
    },
    "Jupyter Notebook": {
        "size": 1389730,
        "occurrences": 4,
        "color": "#DA5B0B",
        "prop": 7.5710608561341
    },
    "C": {
        "size": 5242,
        "occurrences": 2,
        "color": "#555555",
        "prop": 0.028557706178793687
    },
    "Logos": {
        "size": 28529,
        "occurrences": 1,
        "color": null,
        "prop": 0.1554221288772997
    },
    "GLSL": {
        "size": 7672,
        "occurrences": 1,
        "color": "#5686a5",
        "prop": 0.0417960171315729
    },
    "Mako": {
        "size": 494,
        "occurrences": 1,
        "color": "#7e858d",
        "prop": 0.0026912451072728123
    },
    "PHP": {
        "size": 296654,
        "occurrences": 2,
        "color": "#4F5D95",
        "prop": 1.6161308219694508
    },
    "Hack": {
        "size": 4075,
        "occurrences": 1,
        "color": "#878787",
        "prop": 0.02220004820270589
    }
}