{
    "C#": {
        "size": 4653480,
        "occurrences": 9,
        "color": "#178600",
        "prop": 25.23963792747159
    },
    "GDShader": {
        "size": 74911,
        "occurrences": 2,
        "color": "#478CBF",
        "prop": 0.4063037805652597
    },
    "GDScript": {
        "size": 314630,
        "occurrences": 4,
        "color": "#355570",
        "prop": 1.7064964888901184
    },
    "Python": {
        "size": 1310079,
        "occurrences": 23,
        "color": "#3572A5",
        "prop": 7.105632691315759
    },
    "Shell": {
        "size": 29889,
        "occurrences": 12,
        "color": "#89e051",
        "prop": 0.16211255619755505
    },
    "TypeScript": {
        "size": 4703842,
        "occurrences": 30,
        "color": "#3178c6",
        "prop": 25.512792350678165
    },
    "Rust": {
        "size": 966611,
        "occurrences": 5,
        "color": "#dea584",
        "prop": 5.242724081055735
    },
    "JavaScript": {
        "size": 3050949,
        "occurrences": 49,
        "color": "#f1e05a",
        "prop": 16.547798227387144
    },
    "CSS": {
        "size": 348476,
        "occurrences": 34,
        "color": "#663399",
        "prop": 1.8900711008564755
    },
    "Handlebars": {
        "size": 170071,
        "occurrences": 15,
        "color": "#f7931e",
        "prop": 0.922434492457907
    },
    "SCSS": {
        "size": 112634,
        "occurrences": 14,
        "color": "#c6538c",
        "prop": 0.6109065426998366
    },
    "HTML": {
        "size": 61854,
        "occurrences": 17,
        "color": "#e34c26",
        "prop": 0.3354849627302208
    },
    "C++": {
        "size": 780662,
        "occurrences": 6,
        "color": "#f34b7d",
        "prop": 4.234170174522257
    },
    "CMake": {
        "size": 5774,
        "occurrences": 2,
        "color": "#DA3434",
        "prop": 0.0313171367220276
    },
    "Batchfile": {
        "size": 300,
        "occurrences": 2,
        "color": "#C1F12E",
        "prop": 0.00162714600218363
    },
    "ShaderLab": {
        "size": 96874,
        "occurrences": 1,
        "color": "#222c37",
        "prop": 0.5254271393851232
    },
    "HLSL": {
        "size": 19973,
        "occurrences": 1,
        "color": "#aace60",
        "prop": 0.1083299570053788
    },
    "PowerShell": {
        "size": 2686,
        "occurrences": 1,
        "color": "#012456",
        "prop": 0.014568380539550766
    },
    "Dockerfile": {
        "size": 937,
        "occurrences": 2,
        "color": "#384d54",
        "prop": 0.005082119346820204
    },
    "Ruby": {
        "size": 162,
        "occurrences": 1,
        "color": "#701516",
        "prop": 0.0008786588411791602
    },
    "Jupyter Notebook": {
        "size": 1389730,
        "occurrences": 4,
        "color": "#DA5B0B",
        "prop": 7.53764537871552
    },
    "C": {
        "size": 5242,
        "occurrences": 2,
        "color": "#555555",
        "prop": 0.028431664478155292
    },
    "Logos": {
        "size": 28529,
        "occurrences": 1,
        "color": null,
        "prop": 0.15473616098765594
    },
    "GLSL": {
        "size": 7672,
        "occurrences": 1,
        "color": "#5686a5",
        "prop": 0.0416115470958427
    },
    "Mako": {
        "size": 494,
        "occurrences": 1,
        "color": "#7e858d",
        "prop": 0.0026793670835957104
    },
    "PHP": {
        "size": 296654,
        "occurrences": 2,
        "color": "#4F5D95",
        "prop": 1.6089979004392752
    },
    "Hack": {
        "size": 4075,
        "occurrences": 1,
        "color": "#878787",
        "prop": 0.022102066529660975
    }
}