{
    "C#": {
        "size": 3377563,
        "occurrences": 8,
        "color": "#178600",
        "prop": 19.929112098648297
    },
    "Python": {
        "size": 1305864,
        "occurrences": 22,
        "color": "#3572A5",
        "prop": 7.7051738314249825
    },
    "GDScript": {
        "size": 274527,
        "occurrences": 3,
        "color": "#355570",
        "prop": 1.6198304390193823
    },
    "GDShader": {
        "size": 3948,
        "occurrences": 1,
        "color": "#478CBF",
        "prop": 0.023294942112245864
    },
    "TypeScript": {
        "size": 4703842,
        "occurrences": 30,
        "color": "#3178c6",
        "prop": 27.75474343848805
    },
    "JavaScript": {
        "size": 3021580,
        "occurrences": 48,
        "color": "#f1e05a",
        "prop": 17.828655315987806
    },
    "HTML": {
        "size": 57036,
        "occurrences": 16,
        "color": "#e34c26",
        "prop": 0.33653756796202
    },
    "SCSS": {
        "size": 112634,
        "occurrences": 14,
        "color": "#c6538c",
        "prop": 0.6645903013856891
    },
    "Handlebars": {
        "size": 169873,
        "occurrences": 15,
        "color": "#f7931e",
        "prop": 1.0023256589244027
    },
    "CSS": {
        "size": 343314,
        "occurrences": 33,
        "color": "#663399",
        "prop": 2.025704092280541
    },
    "C++": {
        "size": 780662,
        "occurrences": 6,
        "color": "#f34b7d",
        "prop": 4.606250278427073
    },
    "CMake": {
        "size": 5774,
        "occurrences": 2,
        "color": "#DA3434",
        "prop": 0.0340691478612228
    },
    "Shell": {
        "size": 29847,
        "occurrences": 11,
        "color": "#89e051",
        "prop": 0.17611047042153047
    },
    "Ruby": {
        "size": 369,
        "occurrences": 2,
        "color": "#701516",
        "prop": 0.002177262826600487
    },
    "Rust": {
        "size": 907886,
        "occurrences": 5,
        "color": "#dea584",
        "prop": 5.356928017861816
    },
    "Batchfile": {
        "size": 300,
        "occurrences": 2,
        "color": "#C1F12E",
        "prop": 0.0017701323793499898
    },
    "ShaderLab": {
        "size": 96874,
        "occurrences": 1,
        "color": "#222c37",
        "prop": 0.5715993470571697
    },
    "HLSL": {
        "size": 19973,
        "occurrences": 1,
        "color": "#aace60",
        "prop": 0.1178495133758578
    },
    "PowerShell": {
        "size": 2686,
        "occurrences": 1,
        "color": "#012456",
        "prop": 0.01584858523644691
    },
    "Dockerfile": {
        "size": 937,
        "occurrences": 2,
        "color": "#384d54",
        "prop": 0.005528713464836468
    },
    "Jupyter Notebook": {
        "size": 1389730,
        "occurrences": 4,
        "color": "#DA5B0B",
        "prop": 8.200020238513538
    },
    "C": {
        "size": 5242,
        "occurrences": 2,
        "color": "#555555",
        "prop": 0.030930113108508822
    },
    "Logos": {
        "size": 28529,
        "occurrences": 1,
        "color": null,
        "prop": 0.1683336888349195
    },
    "GLSL": {
        "size": 7672,
        "occurrences": 1,
        "color": "#5686a5",
        "prop": 0.04526818538124374
    },
    "Mako": {
        "size": 494,
        "occurrences": 1,
        "color": "#7e858d",
        "prop": 0.002914817984662983
    },
    "PHP": {
        "size": 296654,
        "occurrences": 2,
        "color": "#4F5D95",
        "prop": 1.7503895028789729
    },
    "Hack": {
        "size": 4075,
        "occurrences": 1,
        "color": "#878787",
        "prop": 0.02404429815283736
    }
}