{
    "GDScript": {
        "size": 1181460,
        "occurrences": 4,
        "color": "#355570",
        "prop": 6.4560546372844945
    },
    "C#": {
        "size": 3756176,
        "occurrences": 9,
        "color": "#178600",
        "prop": 20.52551714256659
    },
    "GDShader": {
        "size": 42442,
        "occurrences": 2,
        "color": "#478CBF",
        "prop": 0.2319231043925554
    },
    "HTML": {
        "size": 69958,
        "occurrences": 17,
        "color": "#e34c26",
        "prop": 0.3822835054213843
    },
    "CSS": {
        "size": 351103,
        "occurrences": 34,
        "color": "#663399",
        "prop": 1.9185923783407797
    },
    "Python": {
        "size": 1309124,
        "occurrences": 23,
        "color": "#3572A5",
        "prop": 7.153670941868897
    },
    "Shell": {
        "size": 31708,
        "occurrences": 12,
        "color": "#89e051",
        "prop": 0.17326746604964768
    },
    "Batchfile": {
        "size": 2013,
        "occurrences": 3,
        "color": "#C1F12E",
        "prop": 0.010999981366151785
    },
    "TypeScript": {
        "size": 4703842,
        "occurrences": 30,
        "color": "#3178c6",
        "prop": 25.704011102494857
    },
    "JavaScript": {
        "size": 3022141,
        "occurrences": 48,
        "color": "#f1e05a",
        "prop": 16.514403718769657
    },
    "Handlebars": {
        "size": 169873,
        "occurrences": 15,
        "color": "#f7931e",
        "prop": 0.9282661870900657
    },
    "SCSS": {
        "size": 112634,
        "occurrences": 14,
        "color": "#c6538c",
        "prop": 0.6154852961724492
    },
    "Ruby": {
        "size": 369,
        "occurrences": 2,
        "color": "#701516",
        "prop": 0.0020163900268802826
    },
    "C++": {
        "size": 780662,
        "occurrences": 6,
        "color": "#f34b7d",
        "prop": 4.265905341908984
    },
    "CMake": {
        "size": 5774,
        "occurrences": 2,
        "color": "#DA3434",
        "prop": 0.03155185911980149
    },
    "Rust": {
        "size": 907886,
        "occurrences": 5,
        "color": "#dea584",
        "prop": 4.961117278981658
    },
    "ShaderLab": {
        "size": 96874,
        "occurrences": 1,
        "color": "#222c37",
        "prop": 0.5293652234796761
    },
    "HLSL": {
        "size": 19973,
        "occurrences": 1,
        "color": "#aace60",
        "prop": 0.10914189161756066
    },
    "PowerShell": {
        "size": 2686,
        "occurrences": 1,
        "color": "#012456",
        "prop": 0.014677570764770836
    },
    "Dockerfile": {
        "size": 937,
        "occurrences": 2,
        "color": "#384d54",
        "prop": 0.005120209905655351
    },
    "Jupyter Notebook": {
        "size": 1389730,
        "occurrences": 4,
        "color": "#DA5B0B",
        "prop": 7.594140141074078
    },
    "C": {
        "size": 5242,
        "occurrences": 2,
        "color": "#555555",
        "prop": 0.028644760219258644
    },
    "Logos": {
        "size": 28529,
        "occurrences": 1,
        "color": null,
        "prop": 0.1558959107774189
    },
    "GLSL": {
        "size": 7672,
        "occurrences": 1,
        "color": "#5686a5",
        "prop": 0.04192342624993368
    },
    "Mako": {
        "size": 494,
        "occurrences": 1,
        "color": "#7e858d",
        "prop": 0.0026994489790754996
    },
    "PHP": {
        "size": 296654,
        "occurrences": 2,
        "color": "#4F5D95",
        "prop": 1.6210573632361607
    },
    "Hack": {
        "size": 4075,
        "occurrences": 1,
        "color": "#878787",
        "prop": 0.022267721841564093
    }
}