{
    "TypeScript": {
        "size": 2561726,
        "occurrences": 19,
        "color": "#3178c6",
        "prop": 27.634689019861458
    },
    "Python": {
        "size": 540011,
        "occurrences": 13,
        "color": "#3572A5",
        "prop": 5.825383375233887
    },
    "CSS": {
        "size": 267702,
        "occurrences": 24,
        "color": "#563d7c",
        "prop": 2.8878426186075137
    },
    "JavaScript": {
        "size": 634355,
        "occurrences": 32,
        "color": "#f1e05a",
        "prop": 6.843121845659611
    },
    "Jupyter Notebook": {
        "size": 1304359,
        "occurrences": 3,
        "color": "#DA5B0B",
        "prop": 14.070808250085086
    },
    "HTML": {
        "size": 19135,
        "occurrences": 9,
        "color": "#e34c26",
        "prop": 0.20641933383783004
    },
    "Handlebars": {
        "size": 103591,
        "occurrences": 7,
        "color": "#f7931e",
        "prop": 1.1174907348625374
    },
    "SCSS": {
        "size": 12853,
        "occurrences": 5,
        "color": "#c6538c",
        "prop": 0.13865208768317894
    },
    "Ruby": {
        "size": 324,
        "occurrences": 2,
        "color": "#701516",
        "prop": 0.0034951588274605132
    },
    "Shell": {
        "size": 10890,
        "occurrences": 6,
        "color": "#89e051",
        "prop": 0.11747617170075615
    },
    "Logos": {
        "size": 28529,
        "occurrences": 1,
        "color": null,
        "prop": 0.3077573647796944
    },
    "C++": {
        "size": 412420,
        "occurrences": 3,
        "color": "#f34b7d",
        "prop": 4.448991986485386
    },
    "GDScript": {
        "size": 258063,
        "occurrences": 1,
        "color": "#355570",
        "prop": 2.7838616434905634
    },
    "GLSL": {
        "size": 7672,
        "occurrences": 1,
        "color": "#5686a5",
        "prop": 0.08276190902554648
    },
    "C#": {
        "size": 2795425,
        "occurrences": 3,
        "color": "#178600",
        "prop": 30.155723349548786
    },
    "CMake": {
        "size": 3113,
        "occurrences": 1,
        "color": "#DA3434",
        "prop": 0.033581572314458574
    },
    "Rust": {
        "size": 6448,
        "occurrences": 1,
        "color": "#dea584",
        "prop": 0.06955797567736233
    },
    "Batchfile": {
        "size": 84,
        "occurrences": 1,
        "color": "#C1F12E",
        "prop": 0.0009061522886008739
    },
    "C": {
        "size": 2042,
        "occurrences": 1,
        "color": "#555555",
        "prop": 0.022028130634797433
    },
    "Mako": {
        "size": 494,
        "occurrences": 1,
        "color": "#7e858d",
        "prop": 0.005329038459152759
    },
    "PHP": {
        "size": 296654,
        "occurrences": 2,
        "color": "#4F5D95",
        "prop": 3.2001631074119485
    },
    "Hack": {
        "size": 4075,
        "occurrences": 1,
        "color": "#878787",
        "prop": 0.043959173524387635
    }
}