{
    "Python": {
        "size": 641635,
        "occurrences": 16,
        "color": "#3572A5",
        "prop": 4.381586703429196
    },
    "Shell": {
        "size": 10890,
        "occurrences": 6,
        "color": "#89e051",
        "prop": 0.07436545575030033
    },
    "TypeScript": {
        "size": 2897391,
        "occurrences": 22,
        "color": "#3178c6",
        "prop": 19.785656767843747
    },
    "CSS": {
        "size": 282634,
        "occurrences": 26,
        "color": "#663399",
        "prop": 1.9300464848971886
    },
    "JavaScript": {
        "size": 689751,
        "occurrences": 35,
        "color": "#f1e05a",
        "prop": 4.710160465493609
    },
    "Handlebars": {
        "size": 113826,
        "occurrences": 8,
        "color": "#f7931e",
        "prop": 0.7772931465779325
    },
    "SCSS": {
        "size": 16092,
        "occurrences": 6,
        "color": "#c6538c",
        "prop": 0.10988878915829503
    },
    "HTML": {
        "size": 26538,
        "occurrences": 12,
        "color": "#e34c26",
        "prop": 0.18122226489453352
    },
    "Ruby": {
        "size": 324,
        "occurrences": 2,
        "color": "#701516",
        "prop": 0.0022125259562072825
    },
    "GDScript": {
        "size": 259625,
        "occurrences": 2,
        "color": "#355570",
        "prop": 1.7729229980873944
    },
    "C++": {
        "size": 726723,
        "occurrences": 4,
        "color": "#f34b7d",
        "prop": 4.962634260718596
    },
    "Jupyter Notebook": {
        "size": 1743854,
        "occurrences": 5,
        "color": "#DA5B0B",
        "prop": 11.908401971715724
    },
    "C#": {
        "size": 6871561,
        "occurrences": 7,
        "color": "#178600",
        "prop": 46.92440454370886
    },
    "C": {
        "size": 5242,
        "occurrences": 2,
        "color": "#555555",
        "prop": 0.03579648476061288
    },
    "PHP": {
        "size": 306704,
        "occurrences": 3,
        "color": "#4F5D95",
        "prop": 2.0944153113351804
    },
    "Dockerfile": {
        "size": 691,
        "occurrences": 1,
        "color": "#384d54",
        "prop": 0.0047186896164791116
    },
    "Logos": {
        "size": 28529,
        "occurrences": 1,
        "color": null,
        "prop": 0.1948183734711036
    },
    "GLSL": {
        "size": 7672,
        "occurrences": 1,
        "color": "#5686a5",
        "prop": 0.052390429432167505
    },
    "CMake": {
        "size": 3113,
        "occurrences": 1,
        "color": "#DA3434",
        "prop": 0.021258004017510095
    },
    "Rust": {
        "size": 6448,
        "occurrences": 1,
        "color": "#dea584",
        "prop": 0.0440319980420511
    },
    "Batchfile": {
        "size": 84,
        "occurrences": 1,
        "color": "#C1F12E",
        "prop": 0.0005736178404981844
    },
    "Mako": {
        "size": 494,
        "occurrences": 1,
        "color": "#7e858d",
        "prop": 0.0033734192048345602
    },
    "Hack": {
        "size": 4075,
        "occurrences": 1,
        "color": "#878787",
        "prop": 0.027827294047977395
    }
}