{
    "Rust": {
        "size": 223944,
        "occurrences": 2,
        "color": "#dea584",
        "prop": 1.6196649883271785
    },
    "JavaScript": {
        "size": 1300351,
        "occurrences": 45,
        "color": "#f1e05a",
        "prop": 9.40473058995211
    },
    "SCSS": {
        "size": 87894,
        "occurrences": 12,
        "color": "#c6538c",
        "prop": 0.6356894334477773
    },
    "Handlebars": {
        "size": 133262,
        "occurrences": 13,
        "color": "#f7931e",
        "prop": 0.9638114692711414
    },
    "Python": {
        "size": 1255472,
        "occurrences": 21,
        "color": "#3572A5",
        "prop": 9.080145224811112
    },
    "TypeScript": {
        "size": 4655399,
        "occurrences": 28,
        "color": "#3178c6",
        "prop": 33.66996555832422
    },
    "GDScript": {
        "size": 259966,
        "occurrences": 2,
        "color": "#355570",
        "prop": 1.8801924961394962
    },
    "HTML": {
        "size": 54005,
        "occurrences": 14,
        "color": "#e34c26",
        "prop": 0.39058875296774764
    },
    "CSS": {
        "size": 340067,
        "occurrences": 32,
        "color": "#663399",
        "prop": 2.45951940478628
    },
    "Shell": {
        "size": 10890,
        "occurrences": 6,
        "color": "#89e051",
        "prop": 0.07876143912265109
    },
    "Ruby": {
        "size": 324,
        "occurrences": 2,
        "color": "#701516",
        "prop": 0.002343315544144991
    },
    "Batchfile": {
        "size": 300,
        "occurrences": 2,
        "color": "#C1F12E",
        "prop": 0.002169736614949066
    },
    "ShaderLab": {
        "size": 96874,
        "occurrences": 1,
        "color": "#222c37",
        "prop": 0.700636882788586
    },
    "C#": {
        "size": 2921987,
        "occurrences": 7,
        "color": "#178600",
        "prop": 21.13314060768392
    },
    "HLSL": {
        "size": 19973,
        "occurrences": 1,
        "color": "#aace60",
        "prop": 0.14445383136792564
    },
    "PowerShell": {
        "size": 2686,
        "occurrences": 1,
        "color": "#012456",
        "prop": 0.019426375159177302
    },
    "Dockerfile": {
        "size": 937,
        "occurrences": 2,
        "color": "#384d54",
        "prop": 0.006776810694024249
    },
    "Jupyter Notebook": {
        "size": 1389730,
        "occurrences": 4,
        "color": "#DA5B0B",
        "prop": 10.051160219643885
    },
    "C++": {
        "size": 726723,
        "occurrences": 4,
        "color": "#f34b7d",
        "prop": 5.255991673418767
    },
    "CMake": {
        "size": 3113,
        "occurrences": 1,
        "color": "#DA3434",
        "prop": 0.02251463360778814
    },
    "C": {
        "size": 5242,
        "occurrences": 2,
        "color": "#555555",
        "prop": 0.03791253111854334
    },
    "Logos": {
        "size": 28529,
        "occurrences": 1,
        "color": null,
        "prop": 0.206334719626273
    },
    "GLSL": {
        "size": 7672,
        "occurrences": 1,
        "color": "#5686a5",
        "prop": 0.05548739769963078
    },
    "Mako": {
        "size": 494,
        "occurrences": 1,
        "color": "#7e858d",
        "prop": 0.0035728329592827953
    },
    "PHP": {
        "size": 296654,
        "occurrences": 2,
        "color": "#4F5D95",
        "prop": 2.1455368192370003
    },
    "Hack": {
        "size": 4075,
        "occurrences": 1,
        "color": "#878787",
        "prop": 0.029472255686391478
    }
}