{
    "C#": {
        "size": 4681284,
        "occurrences": 9,
        "color": "#178600",
        "prop": 25.344681098957967
    },
    "GDShader": {
        "size": 75892,
        "occurrences": 2,
        "color": "#478CBF",
        "prop": 0.4108826847425018
    },
    "GDScript": {
        "size": 314630,
        "occurrences": 4,
        "color": "#355570",
        "prop": 1.7034209020783921
    },
    "Python": {
        "size": 1314583,
        "occurrences": 23,
        "color": "#3572A5",
        "prop": 7.117211199557954
    },
    "Shell": {
        "size": 29889,
        "occurrences": 12,
        "color": "#89e051",
        "prop": 0.1618203837594033
    },
    "TypeScript": {
        "size": 4703842,
        "occurrences": 30,
        "color": "#3178c6",
        "prop": 25.466811120599527
    },
    "Rust": {
        "size": 966611,
        "occurrences": 5,
        "color": "#dea584",
        "prop": 5.233275217172224
    },
    "JavaScript": {
        "size": 3050949,
        "occurrences": 49,
        "color": "#f1e05a",
        "prop": 16.51797443910361
    },
    "CSS": {
        "size": 348476,
        "occurrences": 34,
        "color": "#663399",
        "prop": 1.886664660943552
    },
    "Handlebars": {
        "size": 170071,
        "occurrences": 15,
        "color": "#f7931e",
        "prop": 0.920772005966927
    },
    "SCSS": {
        "size": 112634,
        "occurrences": 14,
        "color": "#c6538c",
        "prop": 0.6098055172256226
    },
    "HTML": {
        "size": 61854,
        "occurrences": 17,
        "color": "#e34c26",
        "prop": 0.33488032443554927
    },
    "C++": {
        "size": 780662,
        "occurrences": 6,
        "color": "#f34b7d",
        "prop": 4.226539008544392
    },
    "CMake": {
        "size": 5774,
        "occurrences": 2,
        "color": "#DA3434",
        "prop": 0.031260694430285216
    },
    "Batchfile": {
        "size": 300,
        "occurrences": 2,
        "color": "#C1F12E",
        "prop": 0.0016242134272749507
    },
    "ShaderLab": {
        "size": 96874,
        "occurrences": 1,
        "color": "#222c37",
        "prop": 0.5244801718461118
    },
    "HLSL": {
        "size": 19973,
        "occurrences": 1,
        "color": "#aace60",
        "prop": 0.10813471594320861
    },
    "PowerShell": {
        "size": 2686,
        "occurrences": 1,
        "color": "#012456",
        "prop": 0.014542124218868389
    },
    "Dockerfile": {
        "size": 937,
        "occurrences": 2,
        "color": "#384d54",
        "prop": 0.005072959937855429
    },
    "Ruby": {
        "size": 162,
        "occurrences": 1,
        "color": "#701516",
        "prop": 0.0008770752507284733
    },
    "Jupyter Notebook": {
        "size": 1389730,
        "occurrences": 4,
        "color": "#DA5B0B",
        "prop": 7.524060420956056
    },
    "C": {
        "size": 5242,
        "occurrences": 2,
        "color": "#555555",
        "prop": 0.02838042261925097
    },
    "Logos": {
        "size": 28529,
        "occurrences": 1,
        "color": null,
        "prop": 0.1544572828890902
    },
    "GLSL": {
        "size": 7672,
        "occurrences": 1,
        "color": "#5686a5",
        "prop": 0.04153655138017807
    },
    "Mako": {
        "size": 494,
        "occurrences": 1,
        "color": "#7e858d",
        "prop": 0.002674538110246085
    },
    "PHP": {
        "size": 296654,
        "occurrences": 2,
        "color": "#4F5D95",
        "prop": 1.6060980335160773
    },
    "Hack": {
        "size": 4075,
        "occurrences": 1,
        "color": "#878787",
        "prop": 0.02206223238715141
    }
}