{
    "JavaScript": {
        "size": 1300858,
        "occurrences": 45,
        "color": "#f1e05a",
        "prop": 9.171870855550463
    },
    "SCSS": {
        "size": 87894,
        "occurrences": 12,
        "color": "#c6538c",
        "prop": 0.6197082363930209
    },
    "Handlebars": {
        "size": 133262,
        "occurrences": 13,
        "color": "#f7931e",
        "prop": 0.9395813024575823
    },
    "Python": {
        "size": 1262795,
        "occurrences": 21,
        "color": "#3572A5",
        "prop": 8.903502655197451
    },
    "Rust": {
        "size": 538641,
        "occurrences": 3,
        "color": "#dea584",
        "prop": 3.7977593938035943
    },
    "C#": {
        "size": 2937749,
        "occurrences": 8,
        "color": "#178600",
        "prop": 20.712986685727817
    },
    "C++": {
        "size": 740411,
        "occurrences": 5,
        "color": "#f34b7d",
        "prop": 5.220365383484571
    },
    "Shell": {
        "size": 15478,
        "occurrences": 7,
        "color": "#89e051",
        "prop": 0.10912967987452131
    },
    "TypeScript": {
        "size": 4655397,
        "occurrences": 28,
        "color": "#3178c6",
        "prop": 32.82349039273853
    },
    "CSS": {
        "size": 340067,
        "occurrences": 32,
        "color": "#663399",
        "prop": 2.397687223535912
    },
    "HTML": {
        "size": 54005,
        "occurrences": 14,
        "color": "#e34c26",
        "prop": 0.3807693734089368
    },
    "GDScript": {
        "size": 259966,
        "occurrences": 2,
        "color": "#355570",
        "prop": 1.832924561200401
    },
    "Ruby": {
        "size": 324,
        "occurrences": 2,
        "color": "#701516",
        "prop": 0.0022844047214979264
    },
    "Batchfile": {
        "size": 300,
        "occurrences": 2,
        "color": "#C1F12E",
        "prop": 0.002115189556942524
    },
    "ShaderLab": {
        "size": 96874,
        "occurrences": 1,
        "color": "#222c37",
        "prop": 0.6830229104641671
    },
    "HLSL": {
        "size": 19973,
        "occurrences": 1,
        "color": "#aace60",
        "prop": 0.1408222700693768
    },
    "PowerShell": {
        "size": 2686,
        "occurrences": 1,
        "color": "#012456",
        "prop": 0.018937997166492068
    },
    "Dockerfile": {
        "size": 937,
        "occurrences": 2,
        "color": "#384d54",
        "prop": 0.006606442049517151
    },
    "Jupyter Notebook": {
        "size": 1389730,
        "occurrences": 4,
        "color": "#DA5B0B",
        "prop": 9.798474609899117
    },
    "CMake": {
        "size": 3113,
        "occurrences": 1,
        "color": "#DA3434",
        "prop": 0.02194861696920693
    },
    "C": {
        "size": 5242,
        "occurrences": 2,
        "color": "#555555",
        "prop": 0.03695941219164238
    },
    "Logos": {
        "size": 28529,
        "occurrences": 1,
        "color": null,
        "prop": 0.20114747623337761
    },
    "GLSL": {
        "size": 7672,
        "occurrences": 1,
        "color": "#5686a5",
        "prop": 0.05409244760287683
    },
    "Mako": {
        "size": 494,
        "occurrences": 1,
        "color": "#7e858d",
        "prop": 0.0034830121370986906
    },
    "PHP": {
        "size": 296654,
        "occurrences": 2,
        "color": "#4F5D95",
        "prop": 2.091598142750759
    },
    "Hack": {
        "size": 4075,
        "occurrences": 1,
        "color": "#878787",
        "prop": 0.028731324815135958
    }
}