{
    "GDScript": {
        "size": 1181460,
        "occurrences": 4,
        "color": "#355570",
        "prop": 6.480007963851136
    },
    "C#": {
        "size": 3694516,
        "occurrences": 9,
        "color": "#178600",
        "prop": 20.26348171125171
    },
    "GDShader": {
        "size": 36456,
        "occurrences": 2,
        "color": "#478CBF",
        "prop": 0.19995189877791633
    },
    "HTML": {
        "size": 69958,
        "occurrences": 17,
        "color": "#e34c26",
        "prop": 0.38370185798511824
    },
    "CSS": {
        "size": 351103,
        "occurrences": 34,
        "color": "#663399",
        "prop": 1.9257107613732376
    },
    "Python": {
        "size": 1309124,
        "occurrences": 23,
        "color": "#3572A5",
        "prop": 7.180212572299236
    },
    "Shell": {
        "size": 31708,
        "occurrences": 12,
        "color": "#89e051",
        "prop": 0.1739103249520016
    },
    "Batchfile": {
        "size": 2013,
        "occurrences": 3,
        "color": "#C1F12E",
        "prop": 0.011040793620801667
    },
    "TypeScript": {
        "size": 4703842,
        "occurrences": 30,
        "color": "#3178c6",
        "prop": 25.799378413740165
    },
    "JavaScript": {
        "size": 3022141,
        "occurrences": 48,
        "color": "#f1e05a",
        "prop": 16.57567564528722
    },
    "Handlebars": {
        "size": 169873,
        "occurrences": 15,
        "color": "#f7931e",
        "prop": 0.9317102507433888
    },
    "SCSS": {
        "size": 112634,
        "occurrences": 14,
        "color": "#c6538c",
        "prop": 0.6177688766444983
    },
    "Ruby": {
        "size": 369,
        "occurrences": 2,
        "color": "#701516",
        "prop": 0.00202387125984889
    },
    "C++": {
        "size": 780662,
        "occurrences": 6,
        "color": "#f34b7d",
        "prop": 4.2817327519136965
    },
    "CMake": {
        "size": 5774,
        "occurrences": 2,
        "color": "#DA3434",
        "prop": 0.031668923182567726
    },
    "Rust": {
        "size": 907886,
        "occurrences": 5,
        "color": "#dea584",
        "prop": 4.97952407213867
    },
    "ShaderLab": {
        "size": 96874,
        "occurrences": 1,
        "color": "#222c37",
        "prop": 0.5313292802888925
    },
    "HLSL": {
        "size": 19973,
        "occurrences": 1,
        "color": "#aace60",
        "prop": 0.10954683109203761
    },
    "PowerShell": {
        "size": 2686,
        "occurrences": 1,
        "color": "#012456",
        "prop": 0.01473202765299219
    },
    "Dockerfile": {
        "size": 937,
        "occurrences": 2,
        "color": "#384d54",
        "prop": 0.005139206966066151
    },
    "Jupyter Notebook": {
        "size": 1389730,
        "occurrences": 4,
        "color": "#DA5B0B",
        "prop": 7.622316005284004
    },
    "C": {
        "size": 5242,
        "occurrences": 2,
        "color": "#555555",
        "prop": 0.028751038330969866
    },
    "Logos": {
        "size": 28529,
        "occurrences": 1,
        "color": null,
        "prop": 0.15647431753991595
    },
    "GLSL": {
        "size": 7672,
        "occurrences": 1,
        "color": "#5686a5",
        "prop": 0.042078971017779625
    },
    "Mako": {
        "size": 494,
        "occurrences": 1,
        "color": "#7e858d",
        "prop": 0.002709464505055153
    },
    "PHP": {
        "size": 296654,
        "occurrences": 2,
        "color": "#4F5D95",
        "prop": 1.627071828507351
    },
    "Hack": {
        "size": 4075,
        "occurrences": 1,
        "color": "#878787",
        "prop": 0.02235033979372419
    }
}