{
    "Rust": {
        "size": 602206,
        "occurrences": 3,
        "color": "#dea584",
        "prop": 4.213846890398109
    },
    "Shell": {
        "size": 18164,
        "occurrences": 8,
        "color": "#89e051",
        "prop": 0.12709988760854465
    },
    "C++": {
        "size": 742457,
        "occurrences": 5,
        "color": "#f34b7d",
        "prop": 5.195232396728542
    },
    "Python": {
        "size": 1262795,
        "occurrences": 21,
        "color": "#3572A5",
        "prop": 8.836220137229253
    },
    "TypeScript": {
        "size": 4707573,
        "occurrences": 29,
        "color": "#3178c6",
        "prop": 32.94054168734967
    },
    "CSS": {
        "size": 342979,
        "occurrences": 33,
        "color": "#663399",
        "prop": 2.3999445249995066
    },
    "JavaScript": {
        "size": 1300858,
        "occurrences": 45,
        "color": "#f1e05a",
        "prop": 9.102560316817671
    },
    "HTML": {
        "size": 54378,
        "occurrences": 15,
        "color": "#e34c26",
        "prop": 0.3805019647862498
    },
    "SCSS": {
        "size": 87894,
        "occurrences": 12,
        "color": "#c6538c",
        "prop": 0.6150251883651963
    },
    "Handlebars": {
        "size": 133262,
        "occurrences": 13,
        "color": "#f7931e",
        "prop": 0.9324810186352058
    },
    "GDScript": {
        "size": 259966,
        "occurrences": 2,
        "color": "#355570",
        "prop": 1.8190734079521538
    },
    "Ruby": {
        "size": 324,
        "occurrences": 2,
        "color": "#701516",
        "prop": 0.0022671417961444874
    },
    "Batchfile": {
        "size": 300,
        "occurrences": 2,
        "color": "#C1F12E",
        "prop": 0.0020992053668004514
    },
    "ShaderLab": {
        "size": 96874,
        "occurrences": 1,
        "color": "#222c37",
        "prop": 0.6778614023447563
    },
    "C#": {
        "size": 2921987,
        "occurrences": 7,
        "color": "#178600",
        "prop": 20.4461693070705
    },
    "HLSL": {
        "size": 19973,
        "occurrences": 1,
        "color": "#aace60",
        "prop": 0.13975809597035138
    },
    "PowerShell": {
        "size": 2686,
        "occurrences": 1,
        "color": "#012456",
        "prop": 0.018794885384086708
    },
    "Dockerfile": {
        "size": 937,
        "occurrences": 2,
        "color": "#384d54",
        "prop": 0.006556518095640077
    },
    "Jupyter Notebook": {
        "size": 1389730,
        "occurrences": 4,
        "color": "#DA5B0B",
        "prop": 9.724428914678636
    },
    "CMake": {
        "size": 3113,
        "occurrences": 1,
        "color": "#DA3434",
        "prop": 0.021782754356166018
    },
    "C": {
        "size": 5242,
        "occurrences": 2,
        "color": "#555555",
        "prop": 0.03668011510922655
    },
    "Logos": {
        "size": 28529,
        "occurrences": 1,
        "color": null,
        "prop": 0.19962743303150024
    },
    "GLSL": {
        "size": 7672,
        "occurrences": 1,
        "color": "#5686a5",
        "prop": 0.053683678580310215
    },
    "Mako": {
        "size": 494,
        "occurrences": 1,
        "color": "#7e858d",
        "prop": 0.0034566915039980764
    },
    "PHP": {
        "size": 296654,
        "occurrences": 2,
        "color": "#4F5D95",
        "prop": 2.075792229609404
    },
    "Hack": {
        "size": 4075,
        "occurrences": 1,
        "color": "#878787",
        "prop": 0.0285142062323728
    }
}