{
    "TypeScript": {
        "size": 4703842,
        "occurrences": 30,
        "color": "#3178c6",
        "prop": 30.9949829139689
    },
    "Python": {
        "size": 1274038,
        "occurrences": 21,
        "color": "#3572A5",
        "prop": 8.39500689898749
    },
    "CSS": {
        "size": 342950,
        "occurrences": 33,
        "color": "#663399",
        "prop": 2.259797287057183
    },
    "JavaScript": {
        "size": 1770104,
        "occurrences": 48,
        "color": "#f1e05a",
        "prop": 11.663730039390781
    },
    "HTML": {
        "size": 54738,
        "occurrences": 16,
        "color": "#e34c26",
        "prop": 0.3606846009591372
    },
    "C++": {
        "size": 773162,
        "occurrences": 6,
        "color": "#f34b7d",
        "prop": 5.0945892697352555
    },
    "CMake": {
        "size": 4714,
        "occurrences": 2,
        "color": "#DA3434",
        "prop": 0.03106191693012848
    },
    "Handlebars": {
        "size": 167023,
        "occurrences": 15,
        "color": "#f7931e",
        "prop": 1.1005631207935616
    },
    "SCSS": {
        "size": 112348,
        "occurrences": 14,
        "color": "#c6538c",
        "prop": 0.7402936451561464
    },
    "Shell": {
        "size": 29847,
        "occurrences": 11,
        "color": "#89e051",
        "prop": 0.19667056313397213
    },
    "Ruby": {
        "size": 369,
        "occurrences": 2,
        "color": "#701516",
        "prop": 0.002431448312943871
    },
    "Rust": {
        "size": 907886,
        "occurrences": 5,
        "color": "#dea584",
        "prop": 5.982324886301787
    },
    "GDScript": {
        "size": 259966,
        "occurrences": 2,
        "color": "#355570",
        "prop": 1.7129915775684728
    },
    "Batchfile": {
        "size": 300,
        "occurrences": 2,
        "color": "#C1F12E",
        "prop": 0.0019767872462958303
    },
    "ShaderLab": {
        "size": 96874,
        "occurrences": 1,
        "color": "#222c37",
        "prop": 0.6383309589922075
    },
    "C#": {
        "size": 2921987,
        "occurrences": 7,
        "color": "#178600",
        "prop": 19.25382211814071
    },
    "HLSL": {
        "size": 19973,
        "occurrences": 1,
        "color": "#aace60",
        "prop": 0.1316079055675554
    },
    "PowerShell": {
        "size": 2686,
        "occurrences": 1,
        "color": "#012456",
        "prop": 0.017698835145168665
    },
    "Dockerfile": {
        "size": 937,
        "occurrences": 2,
        "color": "#384d54",
        "prop": 0.006174165499263976
    },
    "Jupyter Notebook": {
        "size": 1389730,
        "occurrences": 4,
        "color": "#DA5B0B",
        "prop": 9.157335132649013
    },
    "C": {
        "size": 5242,
        "occurrences": 2,
        "color": "#555555",
        "prop": 0.034541062483609136
    },
    "Logos": {
        "size": 28529,
        "occurrences": 1,
        "color": null,
        "prop": 0.18798587783191245
    },
    "GLSL": {
        "size": 7672,
        "occurrences": 1,
        "color": "#5686a5",
        "prop": 0.05055303917860536
    },
    "Mako": {
        "size": 494,
        "occurrences": 1,
        "color": "#7e858d",
        "prop": 0.0032551096655671335
    },
    "PHP": {
        "size": 296654,
        "occurrences": 2,
        "color": "#4F5D95",
        "prop": 1.9547394792088106
    },
    "Hack": {
        "size": 4075,
        "occurrences": 1,
        "color": "#878787",
        "prop": 0.02685136009551836
    }
}