{
    "Python": {
        "size": 1251442,
        "occurrences": 20,
        "color": "#3572A5",
        "prop": 9.572056834723265
    },
    "TypeScript": {
        "size": 4580308,
        "occurrences": 26,
        "color": "#3178c6",
        "prop": 35.03395962141086
    },
    "CSS": {
        "size": 331797,
        "occurrences": 31,
        "color": "#663399",
        "prop": 2.537856122449682
    },
    "JavaScript": {
        "size": 909814,
        "occurrences": 41,
        "color": "#f1e05a",
        "prop": 6.959005145285928
    },
    "Handlebars": {
        "size": 119338,
        "occurrences": 9,
        "color": "#f7931e",
        "prop": 0.9127950944128493
    },
    "HTML": {
        "size": 39008,
        "occurrences": 13,
        "color": "#e34c26",
        "prop": 0.2983652402659373
    },
    "SCSS": {
        "size": 59585,
        "occurrences": 7,
        "color": "#c6538c",
        "prop": 0.45575504617631957
    },
    "Ruby": {
        "size": 324,
        "occurrences": 2,
        "color": "#701516",
        "prop": 0.0024782182589767146
    },
    "Batchfile": {
        "size": 300,
        "occurrences": 2,
        "color": "#C1F12E",
        "prop": 0.002294646536089551
    },
    "ShaderLab": {
        "size": 96874,
        "occurrences": 1,
        "color": "#222c37",
        "prop": 0.7409719617904638
    },
    "C#": {
        "size": 2921987,
        "occurrences": 7,
        "color": "#178600",
        "prop": 22.34975782682899
    },
    "HLSL": {
        "size": 19973,
        "occurrences": 1,
        "color": "#aace60",
        "prop": 0.15276991755105532
    },
    "Shell": {
        "size": 10890,
        "occurrences": 6,
        "color": "#89e051",
        "prop": 0.08329566926005068
    },
    "PowerShell": {
        "size": 2686,
        "occurrences": 1,
        "color": "#012456",
        "prop": 0.02054473531978844
    },
    "Dockerfile": {
        "size": 937,
        "occurrences": 2,
        "color": "#384d54",
        "prop": 0.007166946014386362
    },
    "GDScript": {
        "size": 259966,
        "occurrences": 2,
        "color": "#355570",
        "prop": 1.9884336046701871
    },
    "Jupyter Notebook": {
        "size": 1389730,
        "occurrences": 4,
        "color": "#DA5B0B",
        "prop": 10.629797101999104
    },
    "C++": {
        "size": 726723,
        "occurrences": 4,
        "color": "#f34b7d",
        "prop": 5.558574715488688
    },
    "CMake": {
        "size": 3113,
        "occurrences": 1,
        "color": "#DA3434",
        "prop": 0.023810782222822572
    },
    "C": {
        "size": 5242,
        "occurrences": 2,
        "color": "#555555",
        "prop": 0.04009512380727141
    },
    "Logos": {
        "size": 28529,
        "occurrences": 1,
        "color": null,
        "prop": 0.2182132367603293
    },
    "GLSL": {
        "size": 7672,
        "occurrences": 1,
        "color": "#5686a5",
        "prop": 0.05868176074959677
    },
    "Rust": {
        "size": 6448,
        "occurrences": 1,
        "color": "#dea584",
        "prop": 0.04931960288235141
    },
    "Mako": {
        "size": 494,
        "occurrences": 1,
        "color": "#7e858d",
        "prop": 0.0037785179627607933
    },
    "PHP": {
        "size": 296654,
        "occurrences": 2,
        "color": "#4F5D95",
        "prop": 2.2690535783903654
    },
    "Hack": {
        "size": 4075,
        "occurrences": 1,
        "color": "#878787",
        "prop": 0.03116894878188306
    }
}