{
    "C#": {
        "size": 3579474,
        "occurrences": 9,
        "color": "#178600",
        "prop": 20.869417077003373
    },
    "GDShader": {
        "size": 5359,
        "occurrences": 2,
        "color": "#478CBF",
        "prop": 0.031244592394206825
    },
    "Python": {
        "size": 1305864,
        "occurrences": 22,
        "color": "#3572A5",
        "prop": 7.613582459837377
    },
    "TypeScript": {
        "size": 4703842,
        "occurrences": 30,
        "color": "#3178c6",
        "prop": 27.424822910384517
    },
    "CSS": {
        "size": 343314,
        "occurrences": 33,
        "color": "#663399",
        "prop": 2.001624555556022
    },
    "JavaScript": {
        "size": 3022141,
        "occurrences": 48,
        "color": "#f1e05a",
        "prop": 17.61999695891409
    },
    "HTML": {
        "size": 57036,
        "occurrences": 16,
        "color": "#e34c26",
        "prop": 0.33253714719089017
    },
    "Handlebars": {
        "size": 169873,
        "occurrences": 15,
        "color": "#f7931e",
        "prop": 0.99041101768634
    },
    "SCSS": {
        "size": 112634,
        "occurrences": 14,
        "color": "#c6538c",
        "prop": 0.6566903190388304
    },
    "Ruby": {
        "size": 369,
        "occurrences": 2,
        "color": "#701516",
        "prop": 0.0021513817117862133
    },
    "Shell": {
        "size": 29847,
        "occurrences": 11,
        "color": "#89e051",
        "prop": 0.17401704593952064
    },
    "GDScript": {
        "size": 274527,
        "occurrences": 3,
        "color": "#355570",
        "prop": 1.6005755208442651
    },
    "C++": {
        "size": 780662,
        "occurrences": 6,
        "color": "#f34b7d",
        "prop": 4.551495799150268
    },
    "CMake": {
        "size": 5774,
        "occurrences": 2,
        "color": "#DA3434",
        "prop": 0.03366416803212357
    },
    "Rust": {
        "size": 907886,
        "occurrences": 5,
        "color": "#dea584",
        "prop": 5.293250235194413
    },
    "Batchfile": {
        "size": 300,
        "occurrences": 2,
        "color": "#C1F12E",
        "prop": 0.0017490908225904177
    },
    "ShaderLab": {
        "size": 96874,
        "occurrences": 1,
        "color": "#222c37",
        "prop": 0.5648047478254137
    },
    "HLSL": {
        "size": 19973,
        "occurrences": 1,
        "color": "#aace60",
        "prop": 0.11644863666532804
    },
    "PowerShell": {
        "size": 2686,
        "occurrences": 1,
        "color": "#012456",
        "prop": 0.015660193164926204
    },
    "Dockerfile": {
        "size": 937,
        "occurrences": 2,
        "color": "#384d54",
        "prop": 0.0054629936692240704
    },
    "Jupyter Notebook": {
        "size": 1389730,
        "occurrences": 4,
        "color": "#DA5B0B",
        "prop": 8.10254662959527
    },
    "C": {
        "size": 5242,
        "occurrences": 2,
        "color": "#555555",
        "prop": 0.030562446973396558
    },
    "Logos": {
        "size": 28529,
        "occurrences": 1,
        "color": null,
        "prop": 0.16633270692560673
    },
    "GLSL": {
        "size": 7672,
        "occurrences": 1,
        "color": "#5686a5",
        "prop": 0.04473008263637895
    },
    "Mako": {
        "size": 494,
        "occurrences": 1,
        "color": "#7e858d",
        "prop": 0.002880169554532221
    },
    "PHP": {
        "size": 296654,
        "occurrences": 2,
        "color": "#4F5D95",
        "prop": 1.7295826296157926
    },
    "Hack": {
        "size": 4075,
        "occurrences": 1,
        "color": "#878787",
        "prop": 0.023758483673519838
    }
}