{
    "JavaScript": {
        "size": 1387160,
        "occurrences": 46,
        "color": "#f1e05a",
        "prop": 9.440611958766366
    },
    "Handlebars": {
        "size": 154300,
        "occurrences": 14,
        "color": "#f7931e",
        "prop": 1.0501214173113775
    },
    "SCSS": {
        "size": 101920,
        "occurrences": 13,
        "color": "#c6538c",
        "prop": 0.693638203839116
    },
    "TypeScript": {
        "size": 4716259,
        "occurrences": 29,
        "color": "#3178c6",
        "prop": 32.097502174254956
    },
    "Python": {
        "size": 1280998,
        "occurrences": 21,
        "color": "#3572A5",
        "prop": 8.718103923091638
    },
    "CSS": {
        "size": 342979,
        "occurrences": 33,
        "color": "#663399",
        "prop": 2.3342164198835964
    },
    "Rust": {
        "size": 850279,
        "occurrences": 4,
        "color": "#dea584",
        "prop": 5.786754300648741
    },
    "Shell": {
        "size": 24253,
        "occurrences": 9,
        "color": "#89e051",
        "prop": 0.1650589418927598
    },
    "C++": {
        "size": 742457,
        "occurrences": 5,
        "color": "#f34b7d",
        "prop": 5.052948782454656
    },
    "HTML": {
        "size": 54378,
        "occurrences": 15,
        "color": "#e34c26",
        "prop": 0.3700810267696571
    },
    "GDScript": {
        "size": 259966,
        "occurrences": 2,
        "color": "#355570",
        "prop": 1.7692538196550196
    },
    "Ruby": {
        "size": 324,
        "occurrences": 2,
        "color": "#701516",
        "prop": 0.002205050804983061
    },
    "Batchfile": {
        "size": 300,
        "occurrences": 2,
        "color": "#C1F12E",
        "prop": 0.002041713708317649
    },
    "ShaderLab": {
        "size": 96874,
        "occurrences": 1,
        "color": "#222c37",
        "prop": 0.659296579265213
    },
    "C#": {
        "size": 2921987,
        "occurrences": 7,
        "color": "#178600",
        "prop": 19.886203044753206
    },
    "HLSL": {
        "size": 19973,
        "occurrences": 1,
        "color": "#aace60",
        "prop": 0.13593049298742801
    },
    "PowerShell": {
        "size": 2686,
        "occurrences": 1,
        "color": "#012456",
        "prop": 0.018280143401804016
    },
    "Dockerfile": {
        "size": 937,
        "occurrences": 2,
        "color": "#384d54",
        "prop": 0.006376952482312123
    },
    "Jupyter Notebook": {
        "size": 1389730,
        "occurrences": 4,
        "color": "#DA5B0B",
        "prop": 9.458102639534289
    },
    "CMake": {
        "size": 3113,
        "occurrences": 1,
        "color": "#DA3434",
        "prop": 0.021186182579976138
    },
    "C": {
        "size": 5242,
        "occurrences": 2,
        "color": "#555555",
        "prop": 0.035675544196670385
    },
    "Logos": {
        "size": 28529,
        "occurrences": 1,
        "color": null,
        "prop": 0.19416016794864738
    },
    "GLSL": {
        "size": 7672,
        "occurrences": 1,
        "color": "#5686a5",
        "prop": 0.05221342523404334
    },
    "Mako": {
        "size": 494,
        "occurrences": 1,
        "color": "#7e858d",
        "prop": 0.0033620219063630616
    },
    "PHP": {
        "size": 296654,
        "occurrences": 2,
        "color": "#4F5D95",
        "prop": 2.018941794757546
    },
    "Hack": {
        "size": 4075,
        "occurrences": 1,
        "color": "#878787",
        "prop": 0.027733277871314733
    }
}