{
    "Python": {
        "size": 1335179,
        "occurrences": 23,
        "color": "#3572A5",
        "prop": 7.201813556505324
    },
    "C#": {
        "size": 4707098,
        "occurrences": 9,
        "color": "#178600",
        "prop": 25.38958610658129
    },
    "GDShader": {
        "size": 78766,
        "occurrences": 2,
        "color": "#478CBF",
        "prop": 0.4248554288164346
    },
    "GDScript": {
        "size": 318688,
        "occurrences": 4,
        "color": "#355570",
        "prop": 1.7189691859260585
    },
    "Shell": {
        "size": 33162,
        "occurrences": 13,
        "color": "#89e051",
        "prop": 0.17887230188673547
    },
    "Rust": {
        "size": 978366,
        "occurrences": 6,
        "color": "#dea584",
        "prop": 5.277202174407992
    },
    "JavaScript": {
        "size": 3051583,
        "occurrences": 49,
        "color": "#f1e05a",
        "prop": 16.459914227381635
    },
    "SCSS": {
        "size": 112634,
        "occurrences": 14,
        "color": "#c6538c",
        "prop": 0.6075358196342368
    },
    "Handlebars": {
        "size": 170071,
        "occurrences": 15,
        "color": "#f7931e",
        "prop": 0.9173448903618294
    },
    "TypeScript": {
        "size": 4703842,
        "occurrences": 30,
        "color": "#3178c6",
        "prop": 25.372023588791553
    },
    "CSS": {
        "size": 348476,
        "occurrences": 34,
        "color": "#663399",
        "prop": 1.8796424905699907
    },
    "HTML": {
        "size": 61854,
        "occurrences": 17,
        "color": "#e34c26",
        "prop": 0.33363389906827495
    },
    "C++": {
        "size": 780662,
        "occurrences": 6,
        "color": "#f34b7d",
        "prop": 4.210807820261223
    },
    "CMake": {
        "size": 5774,
        "occurrences": 2,
        "color": "#DA3434",
        "prop": 0.031144342050962264
    },
    "Batchfile": {
        "size": 300,
        "occurrences": 2,
        "color": "#C1F12E",
        "prop": 0.0016181681010198612
    },
    "ShaderLab": {
        "size": 96874,
        "occurrences": 1,
        "color": "#222c37",
        "prop": 0.5225280553939935
    },
    "HLSL": {
        "size": 19973,
        "occurrences": 1,
        "color": "#aace60",
        "prop": 0.1077322382722323
    },
    "PowerShell": {
        "size": 2686,
        "occurrences": 1,
        "color": "#012456",
        "prop": 0.014487998397797824
    },
    "Dockerfile": {
        "size": 937,
        "occurrences": 2,
        "color": "#384d54",
        "prop": 0.005054078368852033
    },
    "Ruby": {
        "size": 162,
        "occurrences": 1,
        "color": "#701516",
        "prop": 0.000873810774550725
    },
    "Jupyter Notebook": {
        "size": 1389730,
        "occurrences": 4,
        "color": "#DA5B0B",
        "prop": 7.496055850101106
    },
    "C": {
        "size": 5242,
        "occurrences": 2,
        "color": "#555555",
        "prop": 0.028274790618487044
    },
    "Logos": {
        "size": 28529,
        "occurrences": 1,
        "color": null,
        "prop": 0.15388239251331876
    },
    "GLSL": {
        "size": 7672,
        "occurrences": 1,
        "color": "#5686a5",
        "prop": 0.04138195223674792
    },
    "Mako": {
        "size": 494,
        "occurrences": 1,
        "color": "#7e858d",
        "prop": 0.002664583473012705
    },
    "PHP": {
        "size": 296654,
        "occurrences": 2,
        "color": "#4F5D95",
        "prop": 1.6001201327998198
    },
    "Hack": {
        "size": 4075,
        "occurrences": 1,
        "color": "#878787",
        "prop": 0.021980116705519782
    }
}