{
    "C#": {
        "size": 6846932,
        "occurrences": 5,
        "color": "#178600",
        "prop": 49.5237478023483
    },
    "Jupyter Notebook": {
        "size": 1658483,
        "occurrences": 4,
        "color": "#DA5B0B",
        "prop": 11.995780566607355
    },
    "PHP": {
        "size": 306704,
        "occurrences": 3,
        "color": "#4F5D95",
        "prop": 2.2183850439834125
    },
    "Python": {
        "size": 544828,
        "occurrences": 14,
        "color": "#3572A5",
        "prop": 3.9407320633033627
    },
    "JavaScript": {
        "size": 637669,
        "occurrences": 32,
        "color": "#f1e05a",
        "prop": 4.612249506403107
    },
    "CSS": {
        "size": 277421,
        "occurrences": 25,
        "color": "#563d7c",
        "prop": 2.0065815812213805
    },
    "Handlebars": {
        "size": 103716,
        "occurrences": 7,
        "color": "#f7931e",
        "prop": 0.7501761412364482
    },
    "HTML": {
        "size": 26116,
        "occurrences": 11,
        "color": "#e34c26",
        "prop": 0.18889660326787652
    },
    "SCSS": {
        "size": 12853,
        "occurrences": 5,
        "color": "#c6538c",
        "prop": 0.09296553996791303
    },
    "Ruby": {
        "size": 324,
        "occurrences": 2,
        "color": "#701516",
        "prop": 0.002343486730693521
    },
    "Shell": {
        "size": 10890,
        "occurrences": 6,
        "color": "#89e051",
        "prop": 0.07876719289275445
    },
    "Dockerfile": {
        "size": 691,
        "occurrences": 1,
        "color": "#384d54",
        "prop": 0.004997991762065503
    },
    "TypeScript": {
        "size": 2675986,
        "occurrences": 20,
        "color": "#3178c6",
        "prop": 19.355363217659356
    },
    "Logos": {
        "size": 28529,
        "occurrences": 1,
        "color": null,
        "prop": 0.20634979302455386
    },
    "C++": {
        "size": 412420,
        "occurrences": 3,
        "color": "#f34b7d",
        "prop": 2.9830271526932775
    },
    "GDScript": {
        "size": 258063,
        "occurrences": 1,
        "color": "#355570",
        "prop": 1.8665654820461792
    },
    "GLSL": {
        "size": 7672,
        "occurrences": 1,
        "color": "#5686a5",
        "prop": 0.05549145122802683
    },
    "CMake": {
        "size": 3113,
        "occurrences": 1,
        "color": "#DA3434",
        "prop": 0.02251627837237324
    },
    "Rust": {
        "size": 6448,
        "occurrences": 1,
        "color": "#dea584",
        "prop": 0.04663827913429575
    },
    "Batchfile": {
        "size": 84,
        "occurrences": 1,
        "color": "#C1F12E",
        "prop": 0.0006075706338835055
    },
    "C": {
        "size": 2042,
        "occurrences": 1,
        "color": "#555555",
        "prop": 0.014769752790358548
    },
    "Mako": {
        "size": 494,
        "occurrences": 1,
        "color": "#7e858d",
        "prop": 0.0035730939659339486
    },
    "Hack": {
        "size": 4075,
        "occurrences": 1,
        "color": "#878787",
        "prop": 0.029474408727086725
    }
}