{
    "Jupyter Notebook": {
        "size": 1743854,
        "occurrences": 5,
        "color": "#DA5B0B",
        "prop": 12.494260147832941
    },
    "Python": {
        "size": 555034,
        "occurrences": 15,
        "color": "#3572A5",
        "prop": 3.976674186538729
    },
    "C++": {
        "size": 416453,
        "occurrences": 4,
        "color": "#f34b7d",
        "prop": 2.983777381217391
    },
    "C#": {
        "size": 6869451,
        "occurrences": 7,
        "color": "#178600",
        "prop": 49.217828939114824
    },
    "C": {
        "size": 3318,
        "occurrences": 2,
        "color": "#555555",
        "prop": 0.02377260663479265
    },
    "Shell": {
        "size": 10890,
        "occurrences": 6,
        "color": "#89e051",
        "prop": 0.07802401635108257
    },
    "JavaScript": {
        "size": 637669,
        "occurrences": 32,
        "color": "#f1e05a",
        "prop": 4.568732459373597
    },
    "Handlebars": {
        "size": 103716,
        "occurrences": 7,
        "color": "#f7931e",
        "prop": 0.7430981524213848
    },
    "SCSS": {
        "size": 12853,
        "occurrences": 5,
        "color": "#c6538c",
        "prop": 0.0920884005656992
    },
    "HTML": {
        "size": 26116,
        "occurrences": 11,
        "color": "#e34c26",
        "prop": 0.1871143444467284
    },
    "Ruby": {
        "size": 324,
        "occurrences": 2,
        "color": "#701516",
        "prop": 0.00232137569309006
    },
    "CSS": {
        "size": 277778,
        "occurrences": 25,
        "color": "#663399",
        "prop": 1.990207090355465
    },
    "TypeScript": {
        "size": 2682350,
        "occurrences": 20,
        "color": "#3178c6",
        "prop": 19.218339785062106
    },
    "GDScript": {
        "size": 259625,
        "occurrences": 2,
        "color": "#355570",
        "prop": 1.86014556888428
    },
    "PHP": {
        "size": 306704,
        "occurrences": 3,
        "color": "#4F5D95",
        "prop": 2.1974543536218945
    },
    "Dockerfile": {
        "size": 691,
        "occurrences": 1,
        "color": "#384d54",
        "prop": 0.004950835197300097
    },
    "Logos": {
        "size": 28529,
        "occurrences": 1,
        "color": null,
        "prop": 0.20440286156841453
    },
    "GLSL": {
        "size": 7672,
        "occurrences": 1,
        "color": "#5686a5",
        "prop": 0.054967883695638695
    },
    "CMake": {
        "size": 3113,
        "occurrences": 1,
        "color": "#DA3434",
        "prop": 0.02230383497712764
    },
    "Rust": {
        "size": 6448,
        "occurrences": 1,
        "color": "#dea584",
        "prop": 0.04619824218840959
    },
    "Batchfile": {
        "size": 84,
        "occurrences": 1,
        "color": "#C1F12E",
        "prop": 0.0006018381426529785
    },
    "Mako": {
        "size": 494,
        "occurrences": 1,
        "color": "#7e858d",
        "prop": 0.0035393814579829925
    },
    "Hack": {
        "size": 4075,
        "occurrences": 1,
        "color": "#878787",
        "prop": 0.02919631465846294
    }
}