{
    "TypeScript": {
        "size": 2907739,
        "occurrences": 22,
        "color": "#3178c6",
        "prop": 19.686528216245186
    },
    "GDScript": {
        "size": 259625,
        "occurrences": 2,
        "color": "#355570",
        "prop": 1.7577626080410438
    },
    "Python": {
        "size": 757010,
        "occurrences": 17,
        "color": "#3572A5",
        "prop": 5.1252532379899876
    },
    "CSS": {
        "size": 282634,
        "occurrences": 26,
        "color": "#663399",
        "prop": 1.9135425207937307
    },
    "JavaScript": {
        "size": 690329,
        "occurrences": 35,
        "color": "#f1e05a",
        "prop": 4.673796835614312
    },
    "Shell": {
        "size": 10890,
        "occurrences": 6,
        "color": "#89e051",
        "prop": 0.07372955147449962
    },
    "Handlebars": {
        "size": 113826,
        "occurrences": 8,
        "color": "#f7931e",
        "prop": 0.7706464578637644
    },
    "SCSS": {
        "size": 16092,
        "occurrences": 6,
        "color": "#c6538c",
        "prop": 0.10894912234413665
    },
    "HTML": {
        "size": 26538,
        "occurrences": 12,
        "color": "#e34c26",
        "prop": 0.179672620480282
    },
    "Ruby": {
        "size": 324,
        "occurrences": 2,
        "color": "#701516",
        "prop": 0.0021936064901504023
    },
    "C++": {
        "size": 726723,
        "occurrences": 4,
        "color": "#f34b7d",
        "prop": 4.920198423893737
    },
    "Jupyter Notebook": {
        "size": 1743854,
        "occurrences": 5,
        "color": "#DA5B0B",
        "prop": 11.806572383564012
    },
    "C#": {
        "size": 6871561,
        "occurrences": 7,
        "color": "#178600",
        "prop": 46.52315063908762
    },
    "C": {
        "size": 5242,
        "occurrences": 2,
        "color": "#555555",
        "prop": 0.03549038648570496
    },
    "PHP": {
        "size": 306704,
        "occurrences": 3,
        "color": "#4F5D95",
        "prop": 2.0765058177626203
    },
    "Dockerfile": {
        "size": 691,
        "occurrences": 1,
        "color": "#384d54",
        "prop": 0.004678339767573851
    },
    "Logos": {
        "size": 28529,
        "occurrences": 1,
        "color": null,
        "prop": 0.19315246777006428
    },
    "GLSL": {
        "size": 7672,
        "occurrences": 1,
        "color": "#5686a5",
        "prop": 0.05194243516183298
    },
    "CMake": {
        "size": 3113,
        "occurrences": 1,
        "color": "#DA3434",
        "prop": 0.02107622532048828
    },
    "Rust": {
        "size": 6448,
        "occurrences": 1,
        "color": "#dea584",
        "prop": 0.043655477310153686
    },
    "Batchfile": {
        "size": 84,
        "occurrences": 1,
        "color": "#C1F12E",
        "prop": 0.0005687127937426969
    },
    "Mako": {
        "size": 494,
        "occurrences": 1,
        "color": "#7e858d",
        "prop": 0.003344572858439194
    },
    "Hack": {
        "size": 4075,
        "occurrences": 1,
        "color": "#878787",
        "prop": 0.027589340886922498
    }
}