{
    "C#": {
        "size": 4603569,
        "occurrences": 9,
        "color": "#178600",
        "prop": 23.980616388712388
    },
    "GDScript": {
        "size": 1194325,
        "occurrences": 4,
        "color": "#355570",
        "prop": 6.221401192954623
    },
    "GDShader": {
        "size": 57164,
        "occurrences": 2,
        "color": "#478CBF",
        "prop": 0.2977750426341725
    },
    "HTML": {
        "size": 74776,
        "occurrences": 18,
        "color": "#e34c26",
        "prop": 0.38951834350312925
    },
    "CSS": {
        "size": 356265,
        "occurrences": 35,
        "color": "#663399",
        "prop": 1.855832789239092
    },
    "Python": {
        "size": 1310079,
        "occurrences": 23,
        "color": "#3572A5",
        "prop": 6.824379505967639
    },
    "Shell": {
        "size": 31902,
        "occurrences": 12,
        "color": "#89e051",
        "prop": 0.16618185239163408
    },
    "Batchfile": {
        "size": 2013,
        "occurrences": 3,
        "color": "#C1F12E",
        "prop": 0.010485990497911084
    },
    "JavaScript": {
        "size": 3033043,
        "occurrences": 49,
        "color": "#f1e05a",
        "prop": 15.799533073897532
    },
    "Handlebars": {
        "size": 169873,
        "occurrences": 15,
        "color": "#f7931e",
        "prop": 0.8848915369357425
    },
    "SCSS": {
        "size": 112634,
        "occurrences": 14,
        "color": "#c6538c",
        "prop": 0.5867258091116329
    },
    "TypeScript": {
        "size": 4703842,
        "occurrences": 30,
        "color": "#3178c6",
        "prop": 24.502952069386524
    },
    "Ruby": {
        "size": 369,
        "occurrences": 2,
        "color": "#701516",
        "prop": 0.0019221711344904074
    },
    "C++": {
        "size": 780662,
        "occurrences": 6,
        "color": "#f34b7d",
        "prop": 4.066574423288754
    },
    "CMake": {
        "size": 5774,
        "occurrences": 2,
        "color": "#DA3434",
        "prop": 0.030077550489288923
    },
    "Rust": {
        "size": 907886,
        "occurrences": 5,
        "color": "#dea584",
        "prop": 4.729301524682813
    },
    "ShaderLab": {
        "size": 96874,
        "occurrences": 1,
        "color": "#222c37",
        "prop": 0.5046298278661889
    },
    "HLSL": {
        "size": 19973,
        "occurrences": 1,
        "color": "#aace60",
        "prop": 0.1040420706481759
    },
    "PowerShell": {
        "size": 2686,
        "occurrences": 1,
        "color": "#012456",
        "prop": 0.013991738935613101
    },
    "Dockerfile": {
        "size": 937,
        "occurrences": 2,
        "color": "#384d54",
        "prop": 0.00488096030628052
    },
    "Jupyter Notebook": {
        "size": 1389730,
        "occurrences": 4,
        "color": "#DA5B0B",
        "prop": 7.239292386816677
    },
    "C": {
        "size": 5242,
        "occurrences": 2,
        "color": "#555555",
        "prop": 0.027306290208668607
    },
    "Logos": {
        "size": 28529,
        "occurrences": 1,
        "color": null,
        "prop": 0.14861143711619737
    },
    "GLSL": {
        "size": 7672,
        "occurrences": 1,
        "color": "#5686a5",
        "prop": 0.03996449036262983
    },
    "Mako": {
        "size": 494,
        "occurrences": 1,
        "color": "#7e858d",
        "prop": 0.0025733131177188653
    },
    "PHP": {
        "size": 296654,
        "occurrences": 2,
        "color": "#4F5D95",
        "prop": 1.5453109911412393
    },
    "Hack": {
        "size": 4075,
        "occurrences": 1,
        "color": "#878787",
        "prop": 0.021227228653247724
    }
}