{
    "TypeScript": {
        "size": 2555231,
        "occurrences": 17,
        "color": "#3178c6",
        "prop": 31.395344694021354
    },
    "CSS": {
        "size": 267914,
        "occurrences": 23,
        "color": "#563d7c",
        "prop": 3.291777682078073
    },
    "JavaScript": {
        "size": 610908,
        "occurrences": 29,
        "color": "#f1e05a",
        "prop": 7.506040446572227
    },
    "Python": {
        "size": 560274,
        "occurrences": 13,
        "color": "#3572A5",
        "prop": 6.883915917229448
    },
    "Handlebars": {
        "size": 102906,
        "occurrences": 6,
        "color": "#f7931e",
        "prop": 1.2643746655715125
    },
    "Shell": {
        "size": 10890,
        "occurrences": 6,
        "color": "#89e051",
        "prop": 0.1338021117143196
    },
    "SCSS": {
        "size": 12821,
        "occurrences": 4,
        "color": "#c6538c",
        "prop": 0.15752772032041246
    },
    "HTML": {
        "size": 18519,
        "occurrences": 9,
        "color": "#e34c26",
        "prop": 0.2275373100860867
    },
    "Ruby": {
        "size": 324,
        "occurrences": 2,
        "color": "#701516",
        "prop": 0.003980889274145046
    },
    "Logos": {
        "size": 28529,
        "occurrences": 1,
        "color": null,
        "prop": 0.35052712994470375
    },
    "C++": {
        "size": 412420,
        "occurrences": 3,
        "color": "#f34b7d",
        "prop": 5.0672788717373445
    },
    "GDScript": {
        "size": 258063,
        "occurrences": 1,
        "color": "#355570",
        "prop": 3.170741446770657
    },
    "GLSL": {
        "size": 7672,
        "occurrences": 1,
        "color": "#5686a5",
        "prop": 0.0942635262692617
    },
    "C#": {
        "size": 2795425,
        "occurrences": 3,
        "color": "#178600",
        "prop": 34.3465351826448
    },
    "Jupyter Notebook": {
        "size": 184079,
        "occurrences": 3,
        "color": "#DA5B0B",
        "prop": 2.261722582393043
    },
    "CMake": {
        "size": 3113,
        "occurrences": 1,
        "color": "#DA3434",
        "prop": 0.038248482439547926
    },
    "Rust": {
        "size": 6448,
        "occurrences": 1,
        "color": "#dea584",
        "prop": 0.07922461123360264
    },
    "Batchfile": {
        "size": 84,
        "occurrences": 1,
        "color": "#C1F12E",
        "prop": 0.0010320824044079747
    },
    "C": {
        "size": 2042,
        "occurrences": 1,
        "color": "#555555",
        "prop": 0.025089431783346244
    },
    "Mako": {
        "size": 494,
        "occurrences": 1,
        "color": "#7e858d",
        "prop": 0.006069627473542137
    },
    "PHP": {
        "size": 296654,
        "occurrences": 2,
        "color": "#4F5D95",
        "prop": 3.6448973047290876
    },
    "Hack": {
        "size": 4075,
        "occurrences": 1,
        "color": "#878787",
        "prop": 0.050068283309077345
    }
}