{
    "C#": {
        "size": 4452026,
        "occurrences": 9,
        "color": "#178600",
        "prop": 23.390033518688984
    },
    "GDScript": {
        "size": 1182879,
        "occurrences": 4,
        "color": "#355570",
        "prop": 6.214604195607417
    },
    "GDShader": {
        "size": 57164,
        "occurrences": 2,
        "color": "#478CBF",
        "prop": 0.30032795766743886
    },
    "HTML": {
        "size": 74776,
        "occurrences": 18,
        "color": "#e34c26",
        "prop": 0.39285780145791765
    },
    "CSS": {
        "size": 356265,
        "occurrences": 35,
        "color": "#663399",
        "prop": 1.871743402113045
    },
    "Python": {
        "size": 1310079,
        "occurrences": 23,
        "color": "#3572A5",
        "prop": 6.882886964750553
    },
    "Shell": {
        "size": 31708,
        "occurrences": 12,
        "color": "#89e051",
        "prop": 0.16658734311313328
    },
    "Batchfile": {
        "size": 2013,
        "occurrences": 3,
        "color": "#C1F12E",
        "prop": 0.01057589004941142
    },
    "JavaScript": {
        "size": 3033043,
        "occurrences": 49,
        "color": "#f1e05a",
        "prop": 15.934987224608523
    },
    "Handlebars": {
        "size": 169873,
        "occurrences": 15,
        "color": "#f7931e",
        "prop": 0.8924779783227353
    },
    "TypeScript": {
        "size": 4703842,
        "occurrences": 30,
        "color": "#3178c6",
        "prop": 24.7130232497782
    },
    "SCSS": {
        "size": 112634,
        "occurrences": 14,
        "color": "#c6538c",
        "prop": 0.5917559860036791
    },
    "Ruby": {
        "size": 369,
        "occurrences": 2,
        "color": "#701516",
        "prop": 0.001938650485957682
    },
    "C++": {
        "size": 780662,
        "occurrences": 6,
        "color": "#f34b7d",
        "prop": 4.10143838934606
    },
    "CMake": {
        "size": 5774,
        "occurrences": 2,
        "color": "#DA3434",
        "prop": 0.030335414379186063
    },
    "Rust": {
        "size": 907886,
        "occurrences": 5,
        "color": "#dea584",
        "prop": 4.7698472495777136
    },
    "ShaderLab": {
        "size": 96874,
        "occurrences": 1,
        "color": "#222c37",
        "prop": 0.5089561712104729
    },
    "HLSL": {
        "size": 19973,
        "occurrences": 1,
        "color": "#aace60",
        "prop": 0.10493405462339508
    },
    "PowerShell": {
        "size": 2686,
        "occurrences": 1,
        "color": "#012456",
        "prop": 0.014111694323258359
    },
    "Dockerfile": {
        "size": 937,
        "occurrences": 2,
        "color": "#384d54",
        "prop": 0.004922806247540238
    },
    "Jupyter Notebook": {
        "size": 1389730,
        "occurrences": 4,
        "color": "#DA5B0B",
        "prop": 7.301357018563603
    },
    "C": {
        "size": 5242,
        "occurrences": 2,
        "color": "#555555",
        "prop": 0.02754039525037986
    },
    "Logos": {
        "size": 28529,
        "occurrences": 1,
        "color": null,
        "prop": 0.14988552767990979
    },
    "GLSL": {
        "size": 7672,
        "occurrences": 1,
        "color": "#5686a5",
        "prop": 0.04030711796278411
    },
    "Mako": {
        "size": 494,
        "occurrences": 1,
        "color": "#7e858d",
        "prop": 0.0025953749053200404
    },
    "PHP": {
        "size": 296654,
        "occurrences": 2,
        "color": "#4F5D95",
        "prop": 1.5585594072121687
    },
    "Hack": {
        "size": 4075,
        "occurrences": 1,
        "color": "#878787",
        "prop": 0.021409216071212885
    }
}