{
    "Python": {
        "size": 558302,
        "occurrences": 15,
        "color": "#3572A5",
        "prop": 3.911094136399112
    },
    "C++": {
        "size": 726739,
        "occurrences": 4,
        "color": "#f34b7d",
        "prop": 5.091052229066982
    },
    "Jupyter Notebook": {
        "size": 1743854,
        "occurrences": 5,
        "color": "#DA5B0B",
        "prop": 12.216286443781568
    },
    "C#": {
        "size": 6871561,
        "occurrences": 7,
        "color": "#178600",
        "prop": 48.13760641195772
    },
    "C": {
        "size": 5242,
        "occurrences": 2,
        "color": "#555555",
        "prop": 0.03672198104789907
    },
    "Shell": {
        "size": 10890,
        "occurrences": 6,
        "color": "#89e051",
        "prop": 0.07628812926585671
    },
    "JavaScript": {
        "size": 637669,
        "occurrences": 32,
        "color": "#f1e05a",
        "prop": 4.467086786118419
    },
    "Handlebars": {
        "size": 103716,
        "occurrences": 7,
        "color": "#f7931e",
        "prop": 0.7265656212063906
    },
    "SCSS": {
        "size": 12853,
        "occurrences": 5,
        "color": "#c6538c",
        "prop": 0.09003960747971132
    },
    "HTML": {
        "size": 26116,
        "occurrences": 11,
        "color": "#e34c26",
        "prop": 0.18295140348091035
    },
    "Ruby": {
        "size": 324,
        "occurrences": 2,
        "color": "#701516",
        "prop": 0.002269729465761026
    },
    "CSS": {
        "size": 277778,
        "occurrences": 25,
        "color": "#663399",
        "prop": 1.9459287393215008
    },
    "TypeScript": {
        "size": 2682350,
        "occurrences": 20,
        "color": "#3178c6",
        "prop": 18.790768001494097
    },
    "GDScript": {
        "size": 259625,
        "occurrences": 2,
        "color": "#355570",
        "prop": 1.818760841198168
    },
    "PHP": {
        "size": 306704,
        "occurrences": 3,
        "color": "#4F5D95",
        "prop": 2.148565142181388
    },
    "Dockerfile": {
        "size": 691,
        "occurrences": 1,
        "color": "#384d54",
        "prop": 0.004840688459385398
    },
    "Logos": {
        "size": 28529,
        "occurrences": 1,
        "color": null,
        "prop": 0.19985528373054418
    },
    "GLSL": {
        "size": 7672,
        "occurrences": 1,
        "color": "#5686a5",
        "prop": 0.05374495204110676
    },
    "CMake": {
        "size": 3113,
        "occurrences": 1,
        "color": "#DA3434",
        "prop": 0.021807616749734797
    },
    "Rust": {
        "size": 6448,
        "occurrences": 1,
        "color": "#dea584",
        "prop": 0.04517041850378733
    },
    "Batchfile": {
        "size": 84,
        "occurrences": 1,
        "color": "#C1F12E",
        "prop": 0.0005884483800121178
    },
    "Mako": {
        "size": 494,
        "occurrences": 1,
        "color": "#7e858d",
        "prop": 0.003460636901499836
    },
    "Hack": {
        "size": 4075,
        "occurrences": 1,
        "color": "#878787",
        "prop": 0.028546751768445
    }
}