{
    "TypeScript": {
        "size": 3862805,
        "occurrences": 23,
        "color": "#3178c6",
        "prop": 24.213900207492824
    },
    "Python": {
        "size": 942588,
        "occurrences": 19,
        "color": "#3572A5",
        "prop": 5.9085902003285815
    },
    "JavaScript": {
        "size": 716874,
        "occurrences": 36,
        "color": "#f1e05a",
        "prop": 4.49370742176895
    },
    "CSS": {
        "size": 288489,
        "occurrences": 28,
        "color": "#663399",
        "prop": 1.808386355759454
    },
    "GDScript": {
        "size": 259966,
        "occurrences": 2,
        "color": "#355570",
        "prop": 1.6295906164926988
    },
    "Handlebars": {
        "size": 118779,
        "occurrences": 8,
        "color": "#f7931e",
        "prop": 0.7445633038027522
    },
    "HTML": {
        "size": 30695,
        "occurrences": 13,
        "color": "#e34c26",
        "prop": 0.1924108690107298
    },
    "SCSS": {
        "size": 16112,
        "occurrences": 6,
        "color": "#c6538c",
        "prop": 0.10099768436230261
    },
    "Ruby": {
        "size": 324,
        "occurrences": 2,
        "color": "#701516",
        "prop": 0.002030986204902312
    },
    "C#": {
        "size": 6871690,
        "occurrences": 7,
        "color": "#178600",
        "prop": 43.07502343939866
    },
    "Jupyter Notebook": {
        "size": 1743854,
        "occurrences": 5,
        "color": "#DA5B0B",
        "prop": 10.931306843715173
    },
    "PHP": {
        "size": 306704,
        "occurrences": 3,
        "color": "#4F5D95",
        "prop": 1.9225666450257983
    },
    "C++": {
        "size": 726723,
        "occurrences": 4,
        "color": "#f34b7d",
        "prop": 4.555445641312416
    },
    "CMake": {
        "size": 3113,
        "occurrences": 1,
        "color": "#DA3434",
        "prop": 0.01951376560450894
    },
    "Shell": {
        "size": 10890,
        "occurrences": 6,
        "color": "#89e051",
        "prop": 0.06826370299810548
    },
    "C": {
        "size": 5242,
        "occurrences": 2,
        "color": "#555555",
        "prop": 0.032859350883018265
    },
    "Dockerfile": {
        "size": 691,
        "occurrences": 1,
        "color": "#384d54",
        "prop": 0.004331516875270053
    },
    "Logos": {
        "size": 28529,
        "occurrences": 1,
        "color": null,
        "prop": 0.1788333501224014
    },
    "GLSL": {
        "size": 7672,
        "occurrences": 1,
        "color": "#5686a5",
        "prop": 0.048091747419785606
    },
    "Rust": {
        "size": 6448,
        "occurrences": 1,
        "color": "#dea584",
        "prop": 0.040419132867932424
    },
    "Batchfile": {
        "size": 84,
        "occurrences": 1,
        "color": "#C1F12E",
        "prop": 0.0005265519790487474
    },
    "Mako": {
        "size": 494,
        "occurrences": 1,
        "color": "#7e858d",
        "prop": 0.0030966271148819197
    },
    "Hack": {
        "size": 4075,
        "occurrences": 1,
        "color": "#878787",
        "prop": 0.02554403945980531
    }
}